-- phpMyAdmin SQL Dump
-- version 4.2.5
-- http://www.phpmyadmin.net
--
-- Host: localhost:3306
-- Erstellungszeit: 21. Apr 2015 um 14:22
-- Server Version: 5.5.41-0ubuntu0.14.04.1
-- PHP-Version: 5.5.21

SET SQL_MODE = "NO_AUTO_VALUE_ON_ZERO";
SET time_zone = "+00:00";


/*!40101 SET @OLD_CHARACTER_SET_CLIENT=@@CHARACTER_SET_CLIENT */;
/*!40101 SET @OLD_CHARACTER_SET_RESULTS=@@CHARACTER_SET_RESULTS */;
/*!40101 SET @OLD_COLLATION_CONNECTION=@@COLLATION_CONNECTION */;
/*!40101 SET NAMES utf8 */;

--
-- Datenbank: `oz`
--

-- --------------------------------------------------------

--
-- Tabellenstruktur für Tabelle `arbeitsfrei`
--

CREATE TABLE IF NOT EXISTS `arbeitsfrei` (
`aid` int(20) NOT NULL,
  `bezeichnung` varchar(30) DEFAULT NULL
) ENGINE=MyISAM  DEFAULT CHARSET=utf8 COMMENT='Abwesenheitsgruende' AUTO_INCREMENT=100 ;

--
-- Daten für Tabelle `arbeitsfrei`
--

INSERT INTO `arbeitsfrei` (`aid`, `bezeichnung`) VALUES
(1, 'Gleittag'),
(2, 'Urlaub'),
(3, 'krank'),
(88, 'nicht erfasst'),
(99, 'anwesend'),
(4, 'Fortbildung');

-- --------------------------------------------------------

--
-- Tabellenstruktur für Tabelle `behoerde`
--

CREATE TABLE IF NOT EXISTS `behoerde` (
`bid` int(11) NOT NULL COMMENT 'Behoerden ID',
  `art` varchar(30) DEFAULT NULL,
  `name` varchar(50) DEFAULT NULL,
  `verantwortlich` char(30) DEFAULT NULL,
  `rahmenzeit_beginn` time NOT NULL,
  `rahmenzeit_ende` time NOT NULL
) ENGINE=MyISAM  DEFAULT CHARSET=utf8 AUTO_INCREMENT=24 ;

--
-- Daten für Tabelle `behoerde`
--

INSERT INTO `behoerde` (`bid`, `art`, `name`, `verantwortlich`, `rahmenzeit_beginn`, `rahmenzeit_ende`) VALUES
(1, 'Senatsverwaltung', 'Finanzen', 'Hr. Nussbaum', '06:00:00', '19:30:00'),
(2, 'Senatsverwaltung', 'Inneres und Sport', 'Hr. Henkel', '06:00:00', '19:30:00'),
(3, 'Senatsverwaltung', 'Arbeit, Integration und Frauen', 'Fr. Kolat', '06:00:00', '19:30:00'),
(4, 'Senatsverwaltung', 'Justiz und Verbraucherschutz', 'Hr. Heilmann', '06:00:00', '20:00:00'),
(5, 'Senatsverwaltung', 'Wirtschaft, Technologie und Forschung', 'Fr. Yzer', '06:00:00', '19:30:00'),
(6, 'Senatsverwaltung', 'Bildung, Jugend und Wissenschaft', 'Fr. Scheeres', '06:00:00', '19:30:00'),
(7, 'Senatsverwaltung', 'Gesundheit und Soziales', 'Hr. Czaja', '06:00:00', '19:30:00'),
(8, 'Senatsverwaltung', 'Stadtentwicklung und Umwelt', 'Hr. Müller', '06:00:00', '19:00:00'),
(9, 'Bezirksamt', 'Charlottenburg-Wilmersdorf', 'Hr. Naumann', '06:00:00', '20:00:00'),
(10, 'Bezirksamt', 'Friedrichshain-Kreuzberg', 'Fr. Herrmann', '06:00:00', '20:00:00'),
(11, 'Bezirksamt', 'Lichtenberg', 'Hr. Geisel', '06:00:00', '19:00:00'),
(12, 'Bezirksamt', 'Neukölln', 'Hr. Buschkowsky', '06:30:00', '20:00:00'),
(13, 'Bezirksamt', 'Pankow', 'Hr. Köhne', '06:00:00', '19:30:00'),
(14, 'Bezirksamt', 'Spandau', 'Hr. Kleebank', '06:00:00', '19:30:00'),
(15, 'Bezirksamt', 'Treptow-Köpenick', 'Hr. Igel', '06:00:00', '20:00:00'),
(16, 'Bezirksamt', 'Mitte', 'Hr. Hanke', '06:00:00', '20:00:00'),
(17, 'Bezirksamt', 'Marzahn-Hellersdorf', 'Hr. Komoß', '06:00:00', '19:30:00'),
(18, 'Bezirksamt', 'Reinickendorf', 'Hr. Balzer', '06:00:00', '19:00:00'),
(19, 'Bezirksamt', 'Tempelhof-Schöneberg', 'Fr. Schöttler', '06:00:00', '19:30:00'),
(20, 'Bezirksamt', 'Steglitz-Zehlendorf', 'Hr. Kopp', '06:00:00', '20:30:00'),
(21, 'Nachgeordnete/Sonderbehörde', 'Polizei', 'Hr. Kandt', '06:00:00', '19:30:00'),
(22, 'Nachgeordnete/Sonderbehörde', 'Landesamt für Bürger- und Ordnungsangelegenheiten', 'Fr. Langenheide', '06:00:00', '19:30:00'),
(23, 'Nachgeordnete/Sonderbehörde', 'Landesamt für Gesundheit und Soziales', 'Hr. Allert', '06:00:00', '19:30:00');

-- --------------------------------------------------------

--
-- Tabellenstruktur für Tabelle `erfassung`
--

CREATE TABLE IF NOT EXISTS `erfassung` (
`eid` int(11) NOT NULL COMMENT 'Erfassungs ID',
  `maid` int(11) DEFAULT NULL,
  `datum` date DEFAULT NULL,
  `beginn` time DEFAULT NULL,
  `ende` time DEFAULT NULL,
  `maneintrag` int(11) DEFAULT NULL,
  `bemerkung` varchar(50) DEFAULT NULL,
  `aid` int(11) DEFAULT NULL COMMENT 'Arbeitsfrei ID'
) ENGINE=MyISAM  DEFAULT CHARSET=utf8 AUTO_INCREMENT=1023 ;

--
-- Daten für Tabelle `erfassung`
--

INSERT INTO `erfassung` (`eid`, `maid`, `datum`, `beginn`, `ende`, `maneintrag`, `bemerkung`, `aid`) VALUES
(2, 112, '2014-06-11', '06:00:00', '12:00:00', NULL, '', 2),
(6, 112, '2014-06-10', '07:00:00', '14:20:00', NULL, '', 1),
(8, 112, '2014-06-02', '05:33:00', '12:00:00', NULL, '', 2),
(9, 112, '2014-06-06', '00:00:00', '14:20:00', NULL, '', 99),
(11, 112, '2014-06-12', '08:52:00', '12:44:00', NULL, '', 99),
(12, 112, '2014-06-09', '08:00:00', '16:00:00', NULL, 'Homeoffice', 99),
(13, 112, '2014-06-17', '00:00:00', '00:00:00', NULL, '', 3),
(15, 112, '2014-06-16', '05:33:00', '13:23:00', NULL, '', 99),
(16, 112, '2014-06-03', '06:00:00', '14:20:00', NULL, '', 99),
(17, 2, '2014-10-01', NULL, NULL, NULL, NULL, 88),
(18, 2, '2014-10-02', NULL, NULL, NULL, NULL, 88),
(19, 2, '2014-10-03', NULL, NULL, NULL, NULL, 88),
(20, 2, '2014-10-06', NULL, NULL, NULL, NULL, 88),
(21, 2, '2014-10-07', NULL, NULL, NULL, NULL, 88),
(22, 2, '2014-10-08', NULL, NULL, NULL, NULL, 88),
(23, 2, '2014-10-09', NULL, NULL, NULL, NULL, 88),
(24, 2, '2014-10-10', NULL, NULL, NULL, NULL, 88),
(25, 2, '2014-10-13', NULL, NULL, NULL, NULL, 88),
(26, 2, '2014-10-14', NULL, NULL, NULL, NULL, 88),
(27, 2, '2014-10-15', NULL, NULL, NULL, NULL, 88),
(28, 2, '2014-10-16', NULL, NULL, NULL, NULL, 88),
(29, 2, '2014-10-17', NULL, NULL, NULL, NULL, 88),
(30, 2, '2014-10-20', NULL, NULL, NULL, NULL, 88),
(31, 2, '2014-10-21', NULL, NULL, NULL, NULL, 88),
(32, 2, '2014-10-22', NULL, NULL, NULL, NULL, 88),
(33, 2, '2014-10-23', NULL, NULL, NULL, NULL, 88),
(34, 2, '2014-10-24', NULL, NULL, NULL, NULL, 88),
(35, 2, '2014-10-27', NULL, NULL, NULL, NULL, 88),
(36, 2, '2014-10-28', NULL, NULL, NULL, NULL, 88),
(37, 2, '2014-10-29', NULL, NULL, NULL, NULL, 88),
(38, 2, '2014-10-30', NULL, NULL, NULL, NULL, 88),
(39, 2, '2014-10-31', NULL, NULL, NULL, NULL, 88),
(40, 3, '2014-10-01', NULL, NULL, NULL, NULL, 88),
(41, 3, '2014-10-02', NULL, NULL, NULL, NULL, 88),
(42, 3, '2014-10-03', NULL, NULL, NULL, NULL, 88),
(43, 3, '2014-10-06', NULL, NULL, NULL, NULL, 88),
(44, 3, '2014-10-07', NULL, NULL, NULL, NULL, 88),
(45, 3, '2014-10-08', NULL, NULL, NULL, NULL, 88),
(46, 3, '2014-10-09', NULL, NULL, NULL, NULL, 88),
(47, 3, '2014-10-10', NULL, NULL, NULL, NULL, 88),
(48, 3, '2014-10-13', NULL, NULL, NULL, NULL, 88),
(49, 3, '2014-10-14', NULL, NULL, NULL, NULL, 88),
(50, 3, '2014-10-15', NULL, NULL, NULL, NULL, 88),
(51, 3, '2014-10-16', NULL, NULL, NULL, NULL, 88),
(52, 3, '2014-10-17', NULL, NULL, NULL, NULL, 88),
(53, 3, '2014-10-20', NULL, NULL, NULL, NULL, 88),
(54, 3, '2014-10-21', NULL, NULL, NULL, NULL, 88),
(55, 3, '2014-10-22', NULL, NULL, NULL, NULL, 88),
(56, 3, '2014-10-23', NULL, NULL, NULL, NULL, 88),
(57, 3, '2014-10-24', NULL, NULL, NULL, NULL, 88),
(58, 3, '2014-10-27', NULL, NULL, NULL, NULL, 88),
(59, 3, '2014-10-28', NULL, NULL, NULL, NULL, 88),
(60, 3, '2014-10-29', NULL, NULL, NULL, NULL, 88),
(61, 3, '2014-10-30', NULL, NULL, NULL, NULL, 88),
(62, 3, '2014-10-31', NULL, NULL, NULL, NULL, 88),
(63, 112, '2014-10-01', NULL, NULL, NULL, NULL, 88),
(64, 112, '2014-10-02', NULL, NULL, NULL, NULL, 88),
(65, 112, '2014-10-03', NULL, NULL, NULL, NULL, 88),
(66, 112, '2014-10-06', NULL, NULL, NULL, NULL, 88),
(67, 112, '2014-10-07', NULL, NULL, NULL, NULL, 88),
(68, 112, '2014-10-08', NULL, NULL, NULL, NULL, 88),
(69, 112, '2014-10-09', NULL, NULL, NULL, NULL, 88),
(70, 112, '2014-10-10', NULL, NULL, NULL, NULL, 88),
(71, 112, '2014-10-13', NULL, NULL, NULL, NULL, 88),
(72, 112, '2014-10-14', NULL, NULL, NULL, NULL, 88),
(73, 112, '2014-10-15', NULL, NULL, NULL, NULL, 88),
(74, 112, '2014-10-16', NULL, NULL, NULL, NULL, 88),
(75, 112, '2014-10-17', NULL, NULL, NULL, NULL, 88),
(76, 112, '2014-10-20', NULL, NULL, NULL, NULL, 88),
(77, 112, '2014-10-21', NULL, NULL, NULL, NULL, 88),
(78, 112, '2014-10-22', NULL, NULL, NULL, NULL, 88),
(79, 112, '2014-10-23', NULL, NULL, NULL, NULL, 88),
(80, 112, '2014-10-24', NULL, NULL, NULL, NULL, 88),
(81, 112, '2014-10-27', NULL, NULL, NULL, NULL, 88),
(82, 112, '2014-10-28', NULL, NULL, NULL, NULL, 88),
(83, 112, '2014-10-29', NULL, NULL, NULL, NULL, 88),
(84, 112, '2014-10-30', NULL, NULL, NULL, NULL, 88),
(85, 112, '2014-10-31', NULL, NULL, NULL, NULL, 88),
(86, 113, '2014-10-01', NULL, NULL, NULL, NULL, 88),
(87, 113, '2014-10-02', NULL, NULL, NULL, NULL, 88),
(88, 113, '2014-10-03', NULL, NULL, NULL, NULL, 88),
(89, 113, '2014-10-06', NULL, NULL, NULL, NULL, 88),
(90, 113, '2014-10-07', NULL, NULL, NULL, NULL, 88),
(91, 113, '2014-10-08', NULL, NULL, NULL, NULL, 88),
(92, 113, '2014-10-09', NULL, NULL, NULL, NULL, 88),
(93, 113, '2014-10-10', NULL, NULL, NULL, NULL, 88),
(94, 113, '2014-10-13', NULL, NULL, NULL, NULL, 88),
(95, 113, '2014-10-14', NULL, NULL, NULL, NULL, 88),
(96, 113, '2014-10-15', NULL, NULL, NULL, NULL, 88),
(97, 113, '2014-10-16', NULL, NULL, NULL, NULL, 88),
(98, 113, '2014-10-17', NULL, NULL, NULL, NULL, 88),
(99, 113, '2014-10-20', NULL, NULL, NULL, NULL, 88),
(100, 113, '2014-10-21', NULL, NULL, NULL, NULL, 88),
(101, 113, '2014-10-22', NULL, NULL, NULL, NULL, 88),
(102, 113, '2014-10-23', NULL, NULL, NULL, NULL, 88),
(103, 113, '2014-10-24', NULL, NULL, NULL, NULL, 88),
(104, 113, '2014-10-27', NULL, NULL, NULL, NULL, 88),
(105, 113, '2014-10-28', NULL, NULL, NULL, NULL, 88),
(106, 113, '2014-10-29', NULL, NULL, NULL, NULL, 88),
(107, 113, '2014-10-30', NULL, NULL, NULL, NULL, 88),
(108, 113, '2014-10-31', NULL, NULL, NULL, NULL, 88),
(109, 118, '2014-10-03', '07:00:00', '15:00:00', NULL, '', 2),
(110, 118, '2014-10-27', '07:30:00', '14:30:00', NULL, '', 99),
(111, 119, '2014-10-28', '06:50:00', '15:30:00', NULL, '', 99),
(112, 119, '2014-10-27', '02:20:00', '15:30:00', NULL, 'Felder sollten größer sein', 99),
(113, 119, '2014-10-25', '00:00:00', '00:00:00', NULL, '', 3),
(114, 119, '2014-10-26', '00:00:00', '00:00:00', NULL, '', 3),
(115, 118, '2014-10-24', '07:24:00', '16:00:00', NULL, '', 99),
(116, 118, '2014-10-28', '07:55:00', '16:23:00', NULL, '', 99),
(117, 118, '2014-10-23', '08:14:00', '16:45:00', NULL, '', 99),
(118, 118, '2014-10-22', '07:01:00', '15:46:00', NULL, '', 99),
(119, 118, '2014-10-21', '08:11:00', '16:47:00', NULL, '', 99),
(120, 118, '2014-10-21', '08:28:00', '16:51:00', NULL, '', 99),
(121, 118, '2014-10-20', '08:28:00', '16:51:00', NULL, '', 99),
(122, 118, '2014-10-17', '08:07:00', '15:41:00', NULL, '', 99),
(123, 118, '2014-10-17', '08:30:00', '16:15:00', NULL, '', 99),
(124, 118, '2014-10-17', '08:07:00', '15:41:00', NULL, '', 99),
(125, 118, '2014-10-16', '08:30:00', '16:15:00', NULL, '', 99),
(126, 118, '2014-10-15', '06:52:00', '15:48:00', NULL, '', 99),
(127, 118, '2014-10-14', '08:58:00', '15:27:00', NULL, '', 99),
(128, 118, '2014-10-13', '07:15:00', '15:43:00', NULL, '', 99),
(129, 118, '2014-10-10', '08:32:00', '16:07:00', NULL, '', 99),
(130, 118, '2014-10-09', '07:35:00', '16:41:00', NULL, '', 99),
(131, 118, '2014-10-08', '07:33:00', '15:56:00', NULL, '', 99),
(132, 118, '2014-10-07', '08:38:00', '15:59:00', NULL, '', 99),
(133, 118, '2014-10-02', '08:32:00', '17:01:00', NULL, '', 99),
(134, 118, '2014-10-01', '07:40:00', '16:07:00', NULL, '', 99),
(135, 118, '2014-10-06', '07:43:00', '16:09:00', NULL, '', 99),
(136, 118, '2014-10-29', '08:30:00', '17:05:00', NULL, '', 99),
(137, 118, '2014-10-30', '11:00:00', '17:15:00', NULL, '', 99),
(138, 118, '2014-10-31', '00:00:00', '00:00:00', NULL, '', 1),
(139, 118, '2014-11-04', '00:00:00', '00:00:00', NULL, '', 1),
(140, 116, '2014-11-03', '07:50:00', '17:00:00', NULL, '', 99),
(141, 116, '2014-11-03', '07:50:00', '17:00:00', NULL, '', 99),
(142, 115, '2014-11-01', '07:00:00', '15:00:00', NULL, '', 88),
(143, 115, '2014-11-03', '09:30:00', '17:30:00', NULL, '', 99),
(144, 122, '2014-11-03', '09:09:00', '17:55:00', NULL, '', 99),
(145, 122, '2014-11-04', '08:57:00', '17:53:00', NULL, '', 99),
(146, 122, '2014-11-05', '08:49:00', '17:40:00', NULL, '', 99),
(147, 122, '2014-11-06', '09:31:00', '17:31:00', NULL, '', 99),
(148, 122, '2014-11-07', '09:33:00', '17:31:00', NULL, '', 99),
(149, 122, '2014-11-10', '08:53:00', '17:46:00', NULL, '', 99),
(150, 122, '2014-11-11', '09:48:00', '16:03:00', NULL, '', 99),
(151, 122, '2014-11-12', '09:00:00', '17:24:00', NULL, '', 99),
(152, 122, '2014-11-13', '08:57:00', '17:37:00', NULL, '', 99),
(153, 122, '2014-11-14', '09:02:00', '17:14:00', NULL, '', 99),
(154, 122, '2014-11-17', '09:46:00', '17:58:00', NULL, '', 99),
(155, 122, '2014-11-18', '09:45:00', '17:29:00', NULL, '', 99),
(156, 122, '2014-11-19', '09:03:00', '17:58:00', NULL, '', 99),
(157, 122, '2014-11-20', '10:00:00', '18:00:00', NULL, '', 99),
(158, 122, '2014-11-21', '10:00:00', '18:00:00', NULL, '', 99),
(159, 122, '2014-11-24', '10:30:00', '16:00:00', NULL, '', 99),
(160, 122, '2014-11-25', '09:20:00', '16:50:00', NULL, '', 99),
(161, 122, '2014-11-26', '09:30:00', '17:30:00', NULL, '', 99),
(162, 122, '2014-11-28', '09:13:00', '13:49:00', NULL, '', 99),
(163, 122, '2014-11-27', '09:04:00', '17:02:00', NULL, '', 99),
(164, 121, '2014-11-02', '00:00:00', '00:00:00', NULL, '', 88),
(165, 121, '2014-11-03', '08:30:00', '15:00:00', NULL, '', 99),
(166, 121, '2014-11-04', '08:10:00', '17:05:00', NULL, '', 99),
(167, 115, '2014-11-04', '09:30:00', '17:30:00', NULL, '', 99),
(168, 116, '2014-11-04', '08:00:00', '17:00:00', NULL, '', 99),
(169, 116, '2014-11-05', '08:10:00', '17:00:00', NULL, '', 99),
(170, 119, '2014-11-03', '07:10:00', '15:30:00', NULL, '', 99),
(171, 119, '2014-11-04', '00:00:00', '00:00:00', NULL, '', 3),
(172, 119, '2014-11-05', '07:00:00', '15:15:00', NULL, '', 99),
(173, 119, '2014-11-06', '07:05:00', '15:30:00', NULL, '', 99),
(174, 115, '2014-11-05', '09:30:00', '17:30:00', NULL, '', 99),
(175, 115, '2014-11-06', '09:30:00', '18:15:00', NULL, '', 99),
(176, 116, '2014-11-06', '07:30:00', '15:00:00', NULL, '', 99),
(177, 116, '2014-11-07', '07:30:00', '15:20:00', NULL, '', 99),
(178, 117, '2014-10-27', '08:00:00', '16:40:00', NULL, '', 99),
(179, 117, '2014-10-28', '08:00:00', '17:10:00', NULL, '', 99),
(180, 117, '2014-10-29', '08:00:00', '16:20:00', NULL, '', 99),
(181, 117, '2014-10-30', '08:00:00', '16:20:00', NULL, '', 99),
(182, 117, '2014-10-31', '08:00:00', '16:10:00', NULL, '', 99),
(183, 117, '2014-11-03', '08:00:00', '16:45:00', NULL, '', 99),
(184, 117, '2014-11-04', '08:00:00', '16:20:00', NULL, '', 99),
(185, 117, '2014-11-05', '08:00:00', '16:40:00', NULL, '', 99),
(186, 117, '2014-11-06', '08:00:00', '16:40:00', NULL, '', 99),
(187, 117, '2014-11-07', '08:00:00', '16:00:00', NULL, '', 99),
(188, 117, '2014-11-10', '08:00:00', '00:00:00', NULL, '', 99),
(189, 118, '2014-11-03', '07:41:00', '16:32:00', NULL, '', 99),
(190, 118, '2014-11-05', '07:42:00', '15:02:00', NULL, '', 99),
(191, 118, '2014-11-06', '09:02:00', '16:31:00', NULL, '', 99),
(192, 118, '2014-11-07', '08:11:00', '16:34:00', NULL, '', 99),
(193, 116, '2014-11-10', '08:00:00', '16:30:00', NULL, '', 99),
(194, 115, '2014-11-07', '00:00:00', '00:00:00', NULL, '', 2),
(195, 115, '2014-11-10', '09:30:00', '17:30:00', NULL, '', 99),
(196, 119, '2014-11-07', '07:10:00', '14:10:00', NULL, '', 99),
(197, 119, '2014-11-10', '06:40:00', '14:05:00', NULL, '', 99),
(198, 119, '2014-11-11', '06:10:00', '16:00:00', NULL, '', 99),
(199, 115, '2014-11-11', '09:30:00', '18:00:00', NULL, '', 99),
(200, 116, '2014-11-11', '08:00:00', '17:00:00', NULL, '', 99),
(201, 119, '2014-11-12', '06:10:00', '16:00:00', NULL, '', 99),
(202, 121, '2014-11-05', '09:00:00', '18:30:00', NULL, '', 99),
(203, 121, '2014-11-06', '09:00:00', '19:30:00', NULL, '', 99),
(204, 121, '2014-11-07', '09:45:00', '15:10:00', NULL, '', 99),
(205, 121, '2014-11-10', '08:30:00', '15:30:00', NULL, '', 99),
(206, 121, '2014-11-11', '09:15:00', '17:45:00', NULL, '', 99),
(207, 121, '2014-11-12', '08:00:00', '00:00:00', NULL, '', 99),
(208, 115, '2014-11-12', '09:30:00', '17:45:00', NULL, '', 99),
(209, 116, '2014-11-12', '07:45:00', '17:00:00', NULL, '', 99),
(210, 116, '2014-11-13', '08:00:00', '17:30:00', NULL, '', 99),
(211, 119, '2014-11-13', '06:10:00', '17:00:00', NULL, '', 99),
(212, 119, '2014-11-14', '06:10:00', '14:00:00', NULL, '', 99),
(213, 118, '2014-11-10', '08:01:00', '16:55:00', NULL, '', 99),
(214, 118, '2014-11-11', '08:19:00', '17:47:00', NULL, '', 99),
(215, 118, '2014-11-12', '07:54:00', '17:08:00', NULL, '', 99),
(216, 118, '2014-11-13', '09:04:00', '16:32:00', NULL, '', 99),
(217, 116, '2014-11-14', '00:00:00', '00:00:00', NULL, '', 88),
(218, 116, '2014-11-14', '08:00:00', '16:30:00', NULL, '', 99),
(219, 119, '2014-11-17', '06:10:00', '13:00:00', NULL, '', 99),
(220, 115, '2014-11-13', '09:30:00', '17:30:00', NULL, '', 99),
(221, 115, '2014-11-14', '00:00:00', '00:00:00', NULL, '', 2),
(222, 115, '2014-11-17', '09:30:00', '17:45:00', NULL, '', 99),
(223, 119, '2014-11-18', '06:10:00', '13:00:00', NULL, '', 99),
(224, 119, '2014-11-19', '06:10:00', '15:30:00', NULL, '', 99),
(225, 121, '2014-11-13', '08:00:00', '19:10:00', NULL, '', 99),
(226, 121, '2014-11-13', '08:30:00', '19:10:00', NULL, '', 99),
(227, 121, '2014-11-14', '08:00:00', '19:10:00', NULL, '', 99),
(228, 121, '2014-11-17', '08:30:00', '16:50:00', NULL, '', 99),
(229, 115, '2014-11-18', '09:30:00', '17:30:00', NULL, '', 99),
(230, 116, '2014-11-17', '08:00:00', '17:00:00', NULL, '', 99),
(231, 115, '2014-11-19', '09:30:00', '17:30:00', NULL, '', 99),
(232, 116, '2014-11-18', '07:50:00', '16:00:00', NULL, '', 99),
(233, 116, '2014-11-19', '08:00:00', '16:30:00', NULL, '', 99),
(234, 117, '2014-11-11', '08:00:00', '16:20:00', NULL, '', 99),
(235, 117, '2014-11-12', '08:00:00', '16:20:00', NULL, '', 99),
(236, 117, '2014-11-13', '08:00:00', '16:40:00', NULL, '', 99),
(237, 117, '2014-11-14', '08:00:00', '16:15:00', NULL, '', 99),
(238, 117, '2014-11-17', '08:00:00', '16:20:00', NULL, '', 99),
(239, 117, '2014-11-18', '07:10:00', '15:05:00', NULL, '', 99),
(240, 117, '2014-11-19', '07:20:00', '15:45:00', NULL, '', 99),
(241, 115, '2014-11-20', '09:30:00', '18:00:00', NULL, '', 99),
(242, 116, '2014-11-20', '08:15:00', '17:15:00', NULL, '', 99),
(243, 119, '2014-11-20', '06:20:00', '14:40:00', NULL, '', 99),
(244, 115, '2014-11-21', '09:30:00', '18:00:00', NULL, '', 99),
(245, 116, '2014-11-21', '08:00:00', '16:00:00', NULL, '', 99),
(246, 122, '2014-12-22', '00:00:00', '00:00:00', NULL, '', 2),
(247, 122, '2014-12-23', '00:00:00', '00:00:00', NULL, '', 2),
(248, 122, '2014-12-24', '00:00:00', '00:00:00', NULL, '', 2),
(249, 122, '2014-12-29', '00:00:00', '00:00:00', NULL, '', 2),
(250, 122, '2014-12-30', '00:00:00', '00:00:00', NULL, '', 2),
(251, 115, '2014-11-24', '09:30:00', '17:30:00', NULL, '', 99),
(252, 115, '2014-11-25', '09:30:00', '17:30:00', NULL, '', 99),
(253, 116, '2014-11-24', '07:50:00', '16:30:00', NULL, '', 99),
(254, 116, '2014-11-25', '08:00:00', '16:50:00', NULL, '', 99),
(255, 115, '2014-11-26', '09:30:00', '17:30:00', NULL, '', 99),
(256, 116, '2014-11-26', '08:05:00', '16:30:00', NULL, '', 99),
(257, 116, '2014-11-27', '08:00:00', '16:30:00', NULL, '', 99),
(258, 115, '2014-11-27', '09:30:00', '17:50:00', NULL, '', 99),
(259, 115, '2014-11-28', '09:30:00', '17:30:00', NULL, '', 99),
(260, 116, '2014-11-28', '08:00:00', '17:00:00', NULL, '', 99),
(261, 122, '2014-12-01', '09:29:00', '15:02:00', NULL, '', 99),
(262, 115, '2014-12-01', '09:30:00', '17:30:00', NULL, '', 99),
(263, 122, '2014-12-02', '09:29:00', '17:02:00', NULL, '', 99),
(264, 115, '2014-12-02', '09:30:00', '17:30:00', NULL, '', 99),
(265, 122, '2014-12-03', '09:00:00', '17:24:00', NULL, '', 99),
(266, 115, '2014-12-03', '09:30:00', '17:30:00', NULL, '', 99),
(267, 116, '2014-12-01', '08:00:00', '16:00:00', NULL, '', 99),
(268, 116, '2014-12-02', '08:00:00', '16:30:00', NULL, '', 99),
(269, 116, '2014-12-03', '08:00:00', '17:00:00', NULL, '', 99),
(270, 122, '2014-12-04', '09:00:00', '17:02:00', NULL, '', 99),
(271, 116, '2014-12-04', '08:00:00', '16:40:00', NULL, '', 99),
(272, 115, '2014-12-04', '09:30:00', '17:30:00', NULL, '', 99),
(273, 122, '2014-12-05', '09:00:00', '17:02:00', NULL, '', 99),
(274, 117, '2014-11-20', '07:05:00', '15:35:00', NULL, '', 99),
(275, 117, '2014-11-21', '07:05:00', '15:40:00', NULL, '', 99),
(276, 117, '2014-11-24', '07:00:00', '15:25:00', NULL, '', 99),
(277, 117, '2014-11-25', '07:00:00', '15:30:00', NULL, '', 99),
(278, 117, '2014-11-26', '07:00:00', '15:25:00', NULL, '', 99),
(279, 117, '2014-11-27', '07:00:00', '15:00:00', NULL, '', 99),
(280, 117, '2014-11-28', '07:20:00', '15:35:00', NULL, '', 99),
(281, 117, '2014-12-01', '07:00:00', '15:30:00', NULL, '', 99),
(282, 117, '2014-12-02', '07:00:00', '15:30:00', NULL, '', 99),
(283, 117, '2014-12-03', '07:15:00', '15:45:00', NULL, '', 99),
(284, 117, '2014-12-04', '07:15:00', '15:40:00', NULL, '', 99),
(285, 115, '2014-12-05', '09:45:00', '17:30:00', NULL, '', 99),
(286, 122, '2014-12-08', '09:29:00', '18:00:00', NULL, '', 99),
(287, 114, '2014-10-01', '08:00:00', '16:30:00', NULL, '', 99),
(288, 114, '2014-10-02', '08:30:00', '17:00:00', NULL, '', 99),
(289, 114, '2014-10-03', '08:00:00', '16:27:00', NULL, 'Feiertag', 99),
(290, 114, '2014-10-06', '08:00:00', '16:27:00', NULL, '', 99),
(291, 114, '2014-10-07', '08:00:00', '16:27:00', NULL, '', 99),
(292, 114, '2014-10-08', '07:40:00', '17:00:00', NULL, '', 99),
(293, 114, '2014-10-09', '07:30:00', '16:30:00', NULL, '', 99),
(294, 114, '2014-10-10', '07:20:00', '15:35:00', NULL, '', 99),
(295, 114, '2014-10-13', '07:30:00', '17:00:00', NULL, '', 99),
(296, 114, '2014-10-14', '07:10:00', '17:00:00', NULL, '', 99),
(297, 114, '2014-10-15', '07:15:00', '16:45:00', NULL, '', 99),
(298, 114, '2014-10-16', '07:10:00', '17:00:00', NULL, '', 99),
(299, 114, '2014-10-17', '07:15:00', '12:00:00', NULL, '', 99),
(300, 114, '2014-10-20', '07:15:00', '16:45:00', NULL, '', 99),
(301, 114, '2014-10-21', '07:15:00', '16:40:00', NULL, '', 99),
(302, 114, '2014-10-22', '07:15:00', '16:30:00', NULL, '', 99),
(303, 114, '2014-10-23', '07:00:00', '16:10:00', NULL, '', 99),
(304, 114, '2014-10-24', '12:00:00', '16:00:00', NULL, '', 99),
(305, 114, '2014-10-27', '00:00:00', '00:00:00', NULL, '', 3),
(306, 114, '2014-10-28', '07:20:00', '16:45:00', NULL, '', 99),
(307, 114, '2014-10-29', '07:15:00', '16:40:00', NULL, '', 99),
(308, 114, '2014-10-30', '08:00:00', '16:27:00', NULL, '', 99),
(309, 114, '2014-10-31', '07:30:00', '14:30:00', NULL, '', 99),
(310, 114, '2014-11-03', '07:30:00', '16:00:00', NULL, '', 99),
(311, 114, '2014-11-04', '07:15:00', '16:40:00', NULL, '', 99),
(312, 114, '2014-11-05', '00:00:00', '00:00:00', NULL, '', 3),
(313, 114, '2014-11-06', '00:00:00', '00:00:00', NULL, '', 3),
(314, 114, '2014-11-07', '00:00:00', '00:00:00', NULL, '', 3),
(315, 114, '2014-11-10', '07:10:00', '16:30:00', NULL, '', 99),
(316, 114, '2014-11-10', '07:15:00', '16:30:00', NULL, '', 99),
(317, 114, '2014-11-11', '07:15:00', '16:30:00', NULL, '', 99),
(318, 114, '2014-11-12', '07:05:00', '16:30:00', NULL, '', 99),
(319, 114, '2014-11-13', '07:10:00', '16:30:00', NULL, '', 99),
(320, 114, '2014-11-14', '07:10:00', '14:00:00', NULL, '', 99),
(321, 114, '2014-11-17', '07:10:00', '16:30:00', NULL, '', 99),
(322, 114, '2014-11-18', '07:30:00', '16:00:00', NULL, '', 99),
(323, 114, '2014-11-19', '07:00:00', '15:30:00', NULL, '', 99),
(324, 114, '2014-11-20', '07:00:00', '16:30:00', NULL, '', 99),
(325, 114, '2014-11-21', '07:00:00', '12:30:00', NULL, '', 99),
(326, 114, '2014-11-24', '07:15:00', '16:30:00', NULL, '', 99),
(327, 114, '2014-11-25', '07:00:00', '16:30:00', NULL, '', 99),
(328, 114, '2014-11-26', '07:00:00', '16:00:00', NULL, '', 99),
(329, 114, '2014-11-27', '07:15:00', '16:15:00', NULL, '', 99),
(330, 114, '2014-11-28', '00:00:00', '00:00:00', NULL, '', 3),
(331, 114, '2014-12-01', '07:15:00', '16:00:00', NULL, '', 99),
(332, 114, '2014-12-02', '06:35:00', '16:00:00', NULL, '', 99),
(333, 114, '2014-12-03', '07:10:00', '16:30:00', NULL, '', 99),
(334, 114, '2014-12-04', '10:05:00', '18:30:00', NULL, '', 99),
(335, 114, '2014-12-05', '06:00:00', '12:00:00', NULL, '', 99),
(336, 114, '2014-12-08', '06:30:00', '15:00:00', NULL, '', 99),
(337, 115, '2014-12-08', '09:30:00', '17:30:00', NULL, '', 99),
(338, 116, '2014-12-05', '08:00:00', '16:00:00', NULL, '', 99),
(339, 116, '2014-12-08', '08:05:00', '17:00:00', NULL, '', 99),
(340, 122, '2014-12-09', '09:09:00', '17:24:00', NULL, '', 99),
(341, 115, '2014-12-09', '09:30:00', '17:45:00', NULL, '', 99),
(342, 122, '2014-12-10', '09:00:00', '18:00:00', NULL, '', 99),
(343, 115, '2014-12-10', '09:30:00', '17:45:00', NULL, '', 99),
(344, 122, '2014-12-11', '09:00:00', '18:00:00', NULL, '', 99),
(345, 114, '2014-12-09', '07:00:00', '16:00:00', NULL, '', 99),
(346, 114, '2014-12-10', '06:00:00', '00:00:00', NULL, '', 99),
(347, 114, '2014-12-10', '06:00:00', '15:30:00', NULL, '', 99),
(348, 114, '2014-12-11', '06:00:00', '15:30:00', NULL, '', 99),
(349, 115, '2014-12-11', '09:30:00', '19:00:00', NULL, '', 99),
(350, 122, '2014-12-12', '09:13:00', '17:24:00', NULL, '', 99),
(351, 114, '2014-12-12', '09:00:00', '15:00:00', NULL, '', 99),
(352, 115, '2014-12-12', '09:30:00', '17:30:00', NULL, '', 99),
(353, 115, '2014-12-15', '09:30:00', '17:30:00', NULL, '', 99),
(354, 115, '2014-12-16', '09:30:00', '14:00:00', NULL, '', 99),
(355, 114, '2014-12-15', '00:00:00', '00:00:00', NULL, '', 3),
(356, 114, '2014-12-16', '00:00:00', '00:00:00', NULL, '', 3),
(357, 114, '2014-12-17', '06:00:00', '15:30:00', NULL, '', 99),
(358, 115, '2014-12-17', '09:30:00', '17:30:00', NULL, '', 99),
(359, 114, '2014-12-18', '06:00:00', '15:30:00', NULL, '', 99),
(360, 114, '2014-12-19', '06:00:00', '12:00:00', NULL, '', 99),
(361, 115, '2014-12-18', '09:30:00', '17:30:00', NULL, '', 99),
(362, 115, '2014-12-19', '09:30:00', '17:30:00', NULL, '', 99),
(363, 116, '2014-12-09', '08:00:00', '16:30:00', NULL, '', 99),
(364, 116, '2014-12-10', '08:00:00', '16:00:00', NULL, '', 99),
(365, 116, '2014-12-11', '07:50:00', '16:30:00', NULL, '', 99),
(366, 116, '2014-12-12', '08:00:00', '16:30:00', NULL, '', 99),
(367, 116, '2014-12-15', '08:00:00', '16:30:00', NULL, '', 99),
(368, 116, '2014-12-16', '07:50:00', '16:00:00', NULL, '', 99),
(369, 116, '2014-12-17', '07:50:00', '17:00:00', NULL, '', 99),
(370, 116, '2014-12-18', '08:00:00', '16:00:00', NULL, '', 99),
(371, 116, '2014-12-19', '07:30:00', '16:50:00', NULL, '', 99),
(372, 116, '2014-12-22', '07:50:00', '16:00:00', NULL, '', 99),
(373, 116, '2014-12-22', '08:00:00', '16:00:00', NULL, '', 99),
(374, 116, '2014-12-23', '08:00:00', '17:00:00', NULL, '', 99),
(375, 114, '2014-12-22', '07:00:00', '16:30:00', NULL, '', 99),
(376, 114, '2014-12-23', '06:00:00', '15:30:00', NULL, '', 99),
(377, 114, '2014-12-29', '06:30:00', '00:00:00', NULL, '', 99),
(378, 114, '2014-12-29', '06:30:00', '15:30:00', NULL, '', 99),
(379, 114, '2014-12-30', '07:00:00', '15:30:00', NULL, '', 99),
(380, 122, '2015-01-01', '00:00:00', '00:00:00', NULL, '', 2),
(381, 122, '2015-01-02', '00:00:00', '00:00:00', NULL, '', 2),
(382, 122, '2015-01-05', '09:00:00', '17:02:00', NULL, '', 99),
(383, 115, '2015-01-01', '09:30:00', '17:30:00', NULL, 'Feiertag', 88),
(384, 115, '2015-01-02', '09:30:00', '17:30:00', NULL, '', 2),
(385, 115, '2015-01-05', '09:30:00', '17:30:00', NULL, '', 99),
(386, 122, '2015-01-06', '09:00:00', '17:24:00', NULL, '', 99),
(387, 115, '2015-01-06', '09:30:00', '17:30:00', NULL, '', 99),
(388, 122, '2015-01-07', '09:00:00', '17:15:00', NULL, '', 99),
(389, 122, '2015-01-03', '00:00:00', '00:00:00', NULL, '', 88),
(390, 115, '2015-01-07', '09:30:00', '17:30:00', NULL, '', 99),
(391, 122, '2015-01-08', '09:29:00', '17:24:00', NULL, '', 99),
(392, 122, '2015-01-09', '09:13:00', '16:00:00', NULL, '', 99),
(393, 122, '2015-01-12', '09:00:00', '16:00:00', NULL, '', 99),
(394, 115, '2015-01-12', '09:30:00', '17:30:00', NULL, '', 99),
(395, 122, '2015-01-13', '09:00:00', '18:00:00', NULL, '', 99),
(396, 122, '2015-01-14', '09:00:00', '18:00:00', NULL, '', 99),
(397, 122, '2015-01-15', '09:29:00', '18:00:00', NULL, '', 99),
(398, 122, '2015-01-16', '09:00:00', '17:15:00', NULL, '', 99),
(399, 122, '2015-01-19', '09:00:00', '18:00:00', NULL, '', 99),
(400, 122, '2015-01-20', '09:29:00', '17:15:00', NULL, '', 99),
(401, 115, '2015-01-08', '09:30:00', '18:00:00', NULL, '', 99),
(402, 115, '2015-01-09', '09:30:00', '17:50:00', NULL, '', 99),
(403, 115, '2015-01-13', '09:30:00', '17:50:00', NULL, '', 99),
(404, 115, '2015-01-14', '09:30:00', '17:30:00', NULL, '', 99),
(405, 115, '2015-01-15', '09:30:00', '17:30:00', NULL, '', 99),
(406, 115, '2015-01-16', '09:30:00', '17:30:00', NULL, '', 2),
(407, 115, '2015-01-19', '09:30:00', '17:30:00', NULL, '', 99),
(408, 115, '2015-01-20', '09:30:00', '17:30:00', NULL, '', 99),
(409, 115, '2015-01-21', '09:30:00', '17:30:00', NULL, '', 99),
(410, 122, '2015-01-21', '09:30:00', '16:45:00', NULL, 'Veranstaltung', 99),
(411, 122, '2015-01-22', '08:30:00', '18:00:00', NULL, '', 99),
(412, 115, '2015-01-22', '09:30:00', '17:30:00', NULL, '', 99),
(413, 122, '2015-01-23', '09:00:00', '17:15:00', NULL, '', 99),
(414, 122, '2015-01-26', '09:00:00', '18:00:00', NULL, '', 99),
(415, 115, '2015-01-23', '09:30:00', '17:30:00', NULL, '', 99),
(416, 115, '2015-01-26', '09:30:00', '17:30:00', NULL, '', 99),
(417, 122, '2015-01-27', '09:29:00', '17:24:00', NULL, '', 99),
(418, 118, '2015-01-01', '00:00:00', '00:00:00', NULL, '', 1),
(419, 118, '2015-01-02', '00:00:00', '00:00:00', NULL, '', 1),
(420, 118, '2015-01-05', '08:02:00', '16:26:00', NULL, '', 99),
(421, 118, '2015-01-06', '08:07:00', '17:07:00', NULL, '', 99),
(422, 118, '2015-01-07', '07:06:00', '16:07:00', NULL, '', 99),
(423, 118, '2015-01-08', '07:03:00', '16:18:00', NULL, '', 99),
(424, 118, '2015-01-09', '07:13:00', '15:24:00', NULL, '', 99),
(425, 118, '2015-01-12', '07:04:00', '15:54:00', NULL, '', 99),
(426, 118, '2015-01-13', '07:03:00', '15:40:00', NULL, '', 99),
(427, 118, '2015-01-14', '07:57:00', '17:04:00', NULL, '', 99),
(428, 118, '2015-01-15', '07:15:00', '16:33:00', NULL, '', 99),
(429, 118, '2015-01-16', '08:14:00', '15:19:00', NULL, '', 99),
(430, 118, '2015-01-19', '07:58:00', '15:28:00', NULL, '', 99),
(431, 118, '2015-01-20', '07:18:00', '16:38:00', NULL, '', 99),
(432, 118, '2015-01-21', '07:31:00', '17:01:00', NULL, '', 99),
(433, 118, '2015-01-22', '08:39:00', '16:26:00', NULL, '', 99),
(434, 118, '2015-01-23', '08:21:00', '15:16:00', NULL, '', 99),
(435, 118, '2015-01-26', '08:05:00', '15:33:00', NULL, '', 99),
(436, 115, '2015-01-27', '09:30:00', '17:30:00', NULL, '', 99),
(437, 122, '2015-01-28', '08:49:00', '18:00:00', NULL, '', 99),
(438, 115, '2015-01-28', '09:30:00', '18:00:00', NULL, '', 99),
(439, 122, '2015-01-29', '09:00:00', '14:30:00', NULL, 'Veranstaltung', 99),
(440, 115, '2015-01-29', '09:30:00', '17:30:00', NULL, '', 99),
(441, 122, '2015-01-30', '09:00:00', '15:02:00', NULL, '', 99),
(442, 122, '2015-02-02', '09:00:00', '16:50:00', NULL, '', 99),
(443, 115, '2015-02-02', '09:30:00', '17:30:00', NULL, '', 99),
(444, 115, '2015-02-03', '09:30:00', '18:00:00', NULL, '', 99),
(445, 115, '2015-02-04', '09:30:00', '17:30:00', NULL, '', 99),
(446, 116, '2015-01-01', '00:00:00', '00:00:00', NULL, '', 88),
(447, 114, '2015-02-02', '06:00:00', '15:00:00', NULL, '', 99),
(448, 114, '2015-01-02', '00:00:00', '00:00:00', NULL, '', 1),
(449, 115, '2015-02-05', '09:30:00', '17:30:00', NULL, '', 99),
(450, 115, '2015-02-06', '09:30:00', '17:30:00', NULL, '', 99),
(451, 116, '2015-02-06', '08:00:00', '16:30:00', NULL, '', 99),
(452, 116, '2015-02-05', '07:50:00', '15:30:00', NULL, '', 99),
(453, 116, '2015-02-04', '08:00:00', '16:30:00', NULL, '', 99),
(454, 116, '2015-02-03', '08:00:00', '16:30:00', NULL, '', 99),
(455, 116, '2015-02-02', '07:30:00', '16:30:00', NULL, '', 99),
(456, 116, '2015-01-02', '00:00:00', '00:00:00', NULL, '', 1),
(457, 116, '2015-01-05', '07:50:00', '16:30:00', NULL, '', 99),
(458, 116, '2015-01-06', '07:30:00', '15:30:00', NULL, '', 99),
(459, 116, '2015-01-07', '08:00:00', '16:00:00', NULL, '', 99),
(460, 116, '2015-01-08', '07:50:00', '16:30:00', NULL, '', 99),
(461, 116, '2015-01-09', '07:30:00', '16:00:00', NULL, '', 99),
(462, 116, '2015-01-12', '08:00:00', '16:00:00', NULL, '', 99),
(463, 116, '2015-01-13', '07:50:00', '16:30:00', NULL, '', 99),
(464, 116, '2015-01-14', '07:50:00', '16:00:00', NULL, '', 99),
(465, 116, '2015-01-15', '08:15:00', '16:30:00', NULL, '', 99),
(466, 116, '2015-01-16', '07:30:00', '17:00:00', NULL, '', 99),
(467, 116, '2015-01-19', '08:00:00', '16:30:00', NULL, '', 99),
(468, 116, '2015-01-20', '08:05:00', '16:50:00', NULL, '', 99),
(469, 116, '2015-01-21', '08:05:00', '16:30:00', NULL, '', 99),
(470, 116, '2015-01-22', '07:50:00', '17:00:00', NULL, '', 99),
(471, 116, '2015-01-23', '07:30:00', '15:30:00', NULL, '', 99),
(472, 116, '2015-01-26', '00:00:00', '00:00:00', NULL, '', 1),
(473, 116, '2015-01-27', '07:30:00', '16:50:00', NULL, '', 99),
(474, 116, '2015-01-28', '07:30:00', '16:30:00', NULL, '', 99),
(475, 116, '2015-01-29', '08:00:00', '16:30:00', NULL, '', 99),
(476, 116, '2015-01-30', '00:00:00', '00:00:00', NULL, '', 3),
(477, 114, '2015-01-05', '06:00:00', '15:30:00', NULL, '', 99),
(478, 114, '2015-01-06', '06:00:00', '14:30:00', NULL, '', 99),
(479, 114, '2015-01-07', '06:00:00', '16:00:00', NULL, '', 99),
(480, 114, '2015-01-08', '06:00:00', '15:30:00', NULL, '', 99),
(481, 114, '2015-01-09', '06:00:00', '12:00:00', NULL, '', 99),
(482, 114, '2015-01-12', '06:00:00', '15:00:00', NULL, '', 99),
(483, 114, '2015-01-13', '06:00:00', '00:00:00', NULL, '', 99),
(484, 114, '2015-01-13', '06:00:00', '15:00:00', NULL, '', 99),
(485, 114, '2015-01-14', '06:00:00', '14:30:00', NULL, '', 99),
(486, 114, '2015-01-15', '00:00:00', '00:00:00', NULL, '', 3),
(487, 114, '2015-01-16', '00:00:00', '00:00:00', NULL, '', 3),
(488, 114, '2015-01-19', '06:00:00', '14:30:00', NULL, '', 99),
(489, 114, '2015-01-20', '06:00:00', '15:00:00', NULL, '', 99),
(490, 114, '2015-01-21', '06:00:00', '15:30:00', NULL, '', 99),
(491, 114, '2015-01-22', '06:00:00', '15:30:00', NULL, '', 99),
(492, 114, '2015-01-23', '06:00:00', '16:00:00', NULL, '', 99),
(493, 114, '2015-01-26', '00:00:00', '00:00:00', NULL, '', 2),
(494, 114, '2015-01-27', '00:00:00', '00:00:00', NULL, '', 2),
(495, 114, '2015-01-28', '00:00:00', '00:00:00', NULL, '', 2),
(496, 114, '2015-01-29', '00:00:00', '00:00:00', NULL, '', 2),
(497, 114, '2015-01-30', '00:00:00', '00:00:00', NULL, '', 2),
(498, 114, '2015-02-03', '06:00:00', '14:30:00', NULL, '', 99),
(499, 114, '2015-02-04', '06:00:00', '15:30:00', NULL, '', 99),
(500, 114, '2015-02-04', '06:00:00', '15:00:00', NULL, '', 99),
(501, 114, '2015-02-05', '06:00:00', '16:00:00', NULL, '', 99),
(502, 114, '2015-02-06', '06:00:00', '12:00:00', NULL, '', 99),
(503, 114, '2015-02-09', '06:00:00', '15:00:00', NULL, '', 99),
(504, 114, '2015-02-10', '06:00:00', '16:00:00', NULL, '', 99),
(505, 114, '2015-02-11', '06:00:00', '15:30:00', NULL, '', 99),
(506, 114, '2015-02-12', '06:00:00', '16:00:00', NULL, '', 99),
(507, 114, '2015-02-13', '06:00:00', '16:00:00', NULL, '', 99),
(508, 114, '2015-02-16', '06:00:00', '15:00:00', NULL, '', 99),
(509, 114, '2015-02-17', '06:00:00', '14:30:00', NULL, '', 99),
(510, 114, '2015-02-18', '06:00:00', '14:30:00', NULL, '', 99),
(511, 114, '2015-02-19', '06:00:00', '15:30:00', NULL, '', 99),
(512, 114, '2015-02-20', '06:00:00', '12:00:00', NULL, '', 99),
(513, 115, '2015-02-09', '09:30:00', '17:30:00', NULL, '', 99),
(514, 116, '2015-02-09', '08:05:00', '16:30:00', NULL, '', 99),
(515, 115, '2015-02-10', '09:30:00', '17:30:00', NULL, '', 99),
(516, 115, '2015-02-12', '09:30:00', '17:30:00', NULL, '', 2),
(517, 115, '2015-02-13', '09:30:00', '17:30:00', NULL, '', 2),
(518, 115, '2015-02-16', '09:30:00', '17:30:00', NULL, '', 2),
(519, 115, '2015-02-17', '09:30:00', '17:30:00', NULL, '', 2),
(520, 115, '2015-02-11', '09:30:00', '17:30:00', NULL, '', 99),
(521, 116, '2015-02-10', '07:00:00', '22:00:00', NULL, '', 99),
(522, 116, '2015-02-11', '08:00:00', '16:30:00', NULL, '', 99),
(523, 116, '2015-02-12', '08:00:00', '16:30:00', NULL, '', 99),
(524, 116, '2015-02-13', '08:00:00', '17:00:00', NULL, '', 99),
(525, 122, '2015-02-03', '00:00:00', '00:00:00', NULL, '', 3),
(526, 122, '2015-02-04', '00:00:00', '00:00:00', NULL, '', 3),
(527, 122, '2015-02-05', '00:00:00', '00:00:00', NULL, '', 3),
(528, 122, '2015-02-06', '00:00:00', '00:00:00', NULL, '', 3),
(529, 122, '2015-02-09', '00:00:00', '00:00:00', NULL, '', 3),
(530, 122, '2015-02-10', '00:00:00', '00:00:00', NULL, '', 3),
(531, 122, '2015-02-11', '00:00:00', '00:00:00', NULL, '', 3),
(532, 122, '2015-02-12', '00:00:00', '00:00:00', NULL, '', 3),
(533, 122, '2015-02-13', '00:00:00', '00:00:00', NULL, '', 3),
(534, 122, '2015-02-16', '09:30:00', '18:00:00', NULL, '', 99),
(535, 122, '2015-02-17', '09:00:00', '18:00:00', NULL, '', 99),
(536, 116, '2015-02-16', '08:00:00', '16:30:00', NULL, '', 99),
(537, 116, '2015-02-17', '07:50:00', '16:00:00', NULL, '', 99),
(538, 116, '2015-02-18', '07:30:00', '16:00:00', NULL, '', 99),
(539, 122, '2015-02-18', '09:00:00', '18:00:00', NULL, '', 99),
(540, 122, '2015-02-19', '09:00:00', '18:00:00', NULL, '', 99),
(541, 115, '2015-02-18', '09:30:00', '17:30:00', NULL, 'Fortbildung', 99),
(542, 115, '2015-02-19', '09:30:00', '17:30:00', NULL, '', 99),
(543, 122, '2015-02-20', '09:00:00', '18:00:00', NULL, '', 99),
(544, 116, '2015-02-19', '07:50:00', '16:00:00', NULL, '', 99),
(545, 116, '2015-02-20', '08:00:00', '16:30:00', NULL, '', 99),
(546, 116, '2015-02-23', '08:00:00', '16:30:00', NULL, '', 99),
(547, 122, '2015-02-23', '09:00:00', '18:00:00', NULL, '', 99),
(548, 115, '2015-02-23', '09:30:00', '17:30:00', NULL, '', 99),
(549, 123, '2015-01-01', '00:00:00', '00:00:00', NULL, 'Neujahr', 1),
(550, 123, '2015-01-02', '00:00:00', '00:00:00', NULL, '', 1),
(551, 123, '2015-01-04', '00:00:00', '00:00:00', NULL, '', 88),
(552, 123, '2015-01-05', '06:00:00', '15:00:00', NULL, '', 99),
(553, 123, '2015-01-06', '06:00:00', '15:00:00', NULL, '', 99),
(554, 123, '2015-01-07', '06:00:00', '15:00:00', NULL, '', 99),
(555, 123, '2015-01-08', '06:00:00', '15:00:00', NULL, '', 99),
(556, 123, '2015-01-09', '06:00:00', '14:00:00', NULL, '', 99),
(557, 123, '2015-01-11', '06:00:00', '15:00:00', NULL, '', 88),
(558, 123, '2015-01-12', '06:00:00', '15:00:00', NULL, '', 99),
(559, 123, '2015-01-13', '06:00:00', '15:00:00', NULL, '', 99),
(560, 123, '2015-01-14', '06:00:00', '15:00:00', NULL, '', 99),
(561, 123, '2015-01-15', '06:00:00', '15:00:00', NULL, '', 99),
(562, 123, '2015-01-16', '06:00:00', '14:00:00', NULL, '', 99),
(563, 123, '2015-01-18', '06:00:00', '15:00:00', NULL, '', 88),
(564, 123, '2015-01-19', '06:00:00', '15:00:00', NULL, '', 99),
(565, 123, '2015-01-20', '06:00:00', '15:00:00', NULL, '', 99),
(566, 123, '2015-01-21', '06:00:00', '15:00:00', NULL, '', 99),
(567, 123, '2015-01-22', '06:00:00', '15:00:00', NULL, '', 99),
(568, 123, '2015-01-23', '06:00:00', '14:00:00', NULL, '', 99),
(569, 123, '2015-01-25', '06:00:00', '15:00:00', NULL, '', 88),
(570, 123, '2015-01-26', '06:00:00', '15:00:00', NULL, '', 99),
(571, 123, '2015-01-27', '06:00:00', '15:00:00', NULL, '', 99),
(572, 123, '2015-01-28', '06:00:00', '15:00:00', NULL, '', 99),
(573, 123, '2015-01-29', '06:00:00', '15:00:00', NULL, '', 99),
(574, 123, '2015-01-30', '06:00:00', '14:00:00', NULL, '', 99),
(575, 123, '2015-02-02', '06:00:00', '15:00:00', NULL, '', 99),
(576, 123, '2015-02-03', '06:00:00', '15:00:00', NULL, '', 99),
(577, 123, '2015-02-04', '06:00:00', '15:00:00', NULL, '', 99),
(578, 123, '2015-02-05', '06:00:00', '15:00:00', NULL, '', 99),
(579, 123, '2015-02-06', '06:00:00', '14:00:00', NULL, '', 99),
(580, 123, '2015-02-09', '06:00:00', '15:00:00', NULL, '', 99),
(581, 123, '2015-02-10', '06:00:00', '15:00:00', NULL, '', 99),
(582, 123, '2015-02-11', '06:00:00', '15:00:00', NULL, '', 99),
(583, 123, '2015-02-12', '06:00:00', '15:00:00', NULL, '', 99),
(584, 123, '2015-02-13', '06:00:00', '14:00:00', NULL, '', 99),
(585, 123, '2015-02-16', '06:00:00', '15:00:00', NULL, '', 99),
(586, 123, '2015-02-17', '06:00:00', '15:00:00', NULL, '', 99),
(587, 123, '2015-02-18', '06:00:00', '15:00:00', NULL, '', 99),
(588, 123, '2015-02-19', '06:00:00', '15:00:00', NULL, '', 99),
(589, 123, '2015-02-20', '06:00:00', '14:00:00', NULL, '', 99),
(590, 123, '2015-02-23', '06:00:00', '15:00:00', NULL, '', 99),
(591, 117, '2015-01-02', '07:00:00', '15:20:00', NULL, '', 99),
(592, 117, '2015-01-05', '07:05:00', '15:40:00', NULL, '', 99),
(593, 117, '2015-01-06', '07:15:00', '15:35:00', NULL, '', 99),
(594, 117, '2015-01-07', '07:00:00', '15:30:00', NULL, '', 99),
(595, 117, '2015-01-08', '07:00:00', '15:30:00', NULL, '', 99),
(596, 117, '2015-01-09', '07:00:00', '15:30:00', NULL, '', 99),
(597, 117, '2015-01-12', '00:00:00', '00:00:00', NULL, '', 3),
(598, 117, '2015-01-13', '00:00:00', '00:00:00', NULL, '', 3),
(599, 117, '2015-01-14', '00:00:00', '00:00:00', NULL, '', 3),
(600, 117, '2015-01-15', '00:00:00', '00:00:00', NULL, '', 3),
(601, 117, '2015-01-16', '00:00:00', '00:00:00', NULL, '', 3),
(602, 117, '2015-01-19', '07:00:00', '15:30:00', NULL, '', 99),
(603, 117, '2015-01-20', '07:05:00', '15:25:00', NULL, '', 99),
(604, 117, '2015-01-21', '07:05:00', '15:25:00', NULL, '', 99),
(605, 117, '2015-01-22', '07:05:00', '15:30:00', NULL, '', 99),
(606, 117, '2015-01-23', '07:20:00', '15:30:00', NULL, '', 99),
(607, 117, '2015-01-26', '00:00:00', '00:00:00', NULL, '', 2),
(608, 117, '2015-01-27', '00:00:00', '00:00:00', NULL, '', 2),
(609, 122, '2015-02-24', '09:00:00', '18:00:00', NULL, '', 99),
(610, 117, '2015-01-28', '00:00:00', '00:00:00', NULL, '', 2),
(611, 117, '2015-01-29', '00:00:00', '00:00:00', NULL, '', 2),
(612, 117, '2015-01-30', '00:00:00', '00:00:00', NULL, '', 2),
(613, 117, '2015-02-02', '00:00:00', '00:00:00', NULL, '', 2),
(614, 117, '2015-02-03', '00:00:00', '00:00:00', NULL, '', 2),
(615, 117, '2015-02-04', '00:00:00', '00:00:00', NULL, '', 2),
(616, 117, '2015-02-05', '00:00:00', '00:00:00', NULL, '', 2),
(617, 117, '2015-02-06', '00:00:00', '00:00:00', NULL, '', 2),
(618, 117, '2015-02-09', '07:15:00', '15:45:00', NULL, '', 99),
(619, 117, '2015-02-10', '07:15:00', '15:40:00', NULL, '', 99),
(620, 117, '2015-02-11', '06:15:00', '14:35:00', NULL, '', 99),
(621, 117, '2015-02-12', '07:15:00', '15:40:00', NULL, '', 99),
(622, 117, '2015-02-13', '07:15:00', '15:40:00', NULL, '', 99),
(623, 117, '2015-02-16', '07:15:00', '15:40:00', NULL, '', 99),
(624, 117, '2015-02-17', '07:15:00', '15:40:00', NULL, '', 99),
(625, 117, '2015-02-18', '07:15:00', '14:45:00', NULL, '', 99),
(626, 117, '2015-02-19', '07:00:00', '15:40:00', NULL, '', 99),
(627, 117, '2015-02-20', '07:15:00', '15:40:00', NULL, '', 99),
(628, 117, '2015-02-23', '07:15:00', '15:45:00', NULL, '', 99),
(629, 115, '2015-02-24', '09:30:00', '17:30:00', NULL, '', 99),
(630, 122, '2015-02-25', '09:00:00', '18:00:00', NULL, '', 99),
(631, 115, '2015-02-25', '09:30:00', '17:30:00', NULL, '', 99),
(632, 116, '2015-02-24', '07:50:00', '16:00:00', NULL, '', 99),
(633, 116, '2015-02-25', '07:50:00', '17:30:00', NULL, '', 99),
(634, 116, '2015-02-26', '08:00:00', '16:30:00', NULL, '', 99),
(635, 116, '2015-02-27', '07:50:00', '16:30:00', NULL, '', 99),
(636, 122, '2015-02-26', '09:00:00', '18:00:00', NULL, '', 99),
(637, 115, '2015-02-26', '09:30:00', '17:30:00', NULL, '', 99),
(638, 115, '2015-02-20', '09:30:00', '17:30:00', NULL, '', 99),
(639, 122, '2015-02-27', '09:00:00', '18:00:00', NULL, '', 99),
(640, 115, '2015-02-27', '09:30:00', '17:30:00', NULL, '', 99),
(641, 123, '2015-02-24', '00:00:00', '00:00:00', NULL, '', 3),
(642, 123, '2015-02-25', '00:00:00', '00:00:00', NULL, '', 3),
(643, 123, '2015-02-26', '00:00:00', '00:00:00', NULL, '', 3),
(644, 123, '2015-02-27', '00:00:00', '00:00:00', NULL, '', 3),
(645, 122, '2015-03-02', '09:00:00', '18:00:00', NULL, '', 99),
(646, 115, '2015-03-02', '09:30:00', '17:30:00', NULL, '', 99),
(647, 116, '2015-03-02', '08:00:00', '17:00:00', NULL, '', 99),
(648, 116, '2015-03-03', '07:50:00', '16:30:00', NULL, '', 99),
(649, 116, '2015-03-04', '08:00:00', '16:50:00', NULL, '', 99),
(650, 116, '2015-03-05', '07:30:00', '16:50:00', NULL, '', 99),
(651, 116, '2015-03-06', '07:50:00', '16:00:00', NULL, '', 99),
(652, 123, '2015-03-02', '06:00:00', '15:00:00', NULL, '', 99),
(653, 122, '2015-03-03', '09:00:00', '18:00:00', NULL, '', 99),
(654, 115, '2015-03-03', '09:30:00', '17:30:00', NULL, '', 99),
(655, 121, '2015-03-02', '08:00:00', '16:30:00', NULL, '', 99),
(656, 121, '2015-01-01', '00:00:00', '00:00:00', NULL, '', 2),
(657, 121, '2015-01-02', '00:00:00', '00:00:00', NULL, '', 2),
(658, 121, '2015-01-05', '09:00:00', '15:00:00', NULL, '', 99),
(659, 121, '2015-01-06', '08:00:00', '14:55:00', NULL, '', 99),
(660, 121, '2015-01-07', '08:00:00', '17:00:00', NULL, 'Homeoffice', 99),
(661, 123, '2015-03-03', '06:00:00', '15:00:00', NULL, '', 99),
(662, 122, '2015-03-04', '09:00:00', '18:00:00', NULL, '', 99),
(663, 115, '2015-03-04', '09:30:00', '17:30:00', NULL, '', 99),
(664, 116, '2015-03-09', '08:00:00', '17:00:00', NULL, '', 99),
(665, 116, '2015-03-10', '08:00:00', '15:30:00', NULL, '', 99),
(666, 116, '2015-03-11', '08:00:00', '17:00:00', NULL, '', 99),
(667, 116, '2015-03-12', '08:00:00', '15:30:00', NULL, '', 99),
(668, 116, '2015-03-13', '07:30:00', '17:30:00', NULL, '', 99),
(669, 116, '2015-03-16', '07:30:00', '16:00:00', NULL, '', 99),
(670, 116, '2015-03-17', '08:00:00', '15:30:00', NULL, '', 99),
(671, 116, '2015-03-18', '07:30:00', '17:00:00', NULL, '', 99),
(672, 116, '2015-03-19', '07:30:00', '16:30:00', NULL, '', 99),
(673, 116, '2015-03-20', '07:30:00', '17:00:00', NULL, '', 99),
(674, 116, '2015-03-23', '07:50:00', '16:00:00', NULL, '', 99),
(675, 116, '2015-03-24', '07:50:00', '16:30:00', NULL, '', 99),
(676, 116, '2015-03-25', '07:50:00', '16:30:00', NULL, '', 99),
(677, 116, '2015-03-26', '07:50:00', '17:00:00', NULL, '', 99),
(678, 116, '2015-03-27', '08:00:00', '16:00:00', NULL, '', 99),
(679, 116, '2015-03-30', '07:50:00', '17:00:00', NULL, '', 99),
(680, 116, '2015-03-31', '08:00:00', '16:30:00', NULL, '', 99),
(681, 123, '2015-03-04', '06:00:00', '15:00:00', NULL, '', 99),
(682, 122, '2015-03-05', '09:00:00', '18:00:00', NULL, '', 99),
(683, 115, '2015-03-05', '09:30:00', '17:30:00', NULL, '', 99),
(684, 114, '2015-02-23', '06:00:00', '14:30:00', NULL, '', 99),
(685, 114, '2015-02-24', '06:00:00', '15:00:00', NULL, '', 99),
(686, 114, '2015-02-25', '06:00:00', '14:30:00', NULL, '', 99),
(687, 114, '2015-02-26', '06:00:00', '16:00:00', NULL, '', 99),
(688, 114, '2015-02-27', '06:00:00', '12:00:00', NULL, '', 99),
(689, 114, '2015-03-02', '06:00:00', '15:30:00', NULL, '', 99),
(690, 114, '2015-03-03', '06:00:00', '14:30:00', NULL, '', 99),
(691, 114, '2015-03-04', '06:00:00', '15:30:00', NULL, '', 99),
(692, 114, '2015-03-05', '08:45:00', '18:15:00', NULL, '', 99),
(693, 114, '2015-03-06', '06:00:00', '12:00:00', NULL, '', 99),
(694, 122, '2015-03-06', '09:00:00', '18:00:00', NULL, '', 99),
(695, 115, '2015-03-06', '13:00:00', '18:00:00', NULL, '', 99),
(696, 122, '2015-03-09', '09:00:00', '17:15:00', NULL, '', 99),
(697, 123, '2015-03-05', '06:00:00', '15:00:00', NULL, '', 99),
(698, 123, '2015-03-06', '06:00:00', '14:00:00', NULL, '', 99),
(699, 115, '2015-03-09', '09:30:00', '17:30:00', NULL, '', 99),
(700, 122, '2015-03-10', '09:00:00', '17:15:00', NULL, '', 99),
(701, 115, '2015-03-10', '09:30:00', '17:30:00', NULL, '', 99),
(702, 122, '2015-03-11', '09:00:00', '18:00:00', NULL, '', 99),
(703, 115, '2015-03-11', '09:30:00', '17:30:00', NULL, '', 99),
(704, 122, '2015-03-12', '09:00:00', '18:00:00', NULL, '', 99),
(705, 115, '2015-03-12', '09:30:00', '17:30:00', NULL, '', 99),
(706, 122, '2015-03-13', '09:00:00', '16:45:00', NULL, '', 99),
(707, 123, '2015-03-09', '06:00:00', '15:00:00', NULL, '', 99),
(708, 123, '2015-03-10', '06:00:00', '15:00:00', NULL, '', 99),
(709, 123, '2015-03-11', '06:00:00', '15:00:00', NULL, '', 99),
(710, 123, '2015-03-12', '06:00:00', '15:00:00', NULL, '', 99),
(711, 123, '2015-03-13', '06:00:00', '14:00:00', NULL, '', 99),
(712, 122, '2015-03-16', '09:00:00', '18:00:00', NULL, '', 99),
(713, 115, '2015-03-16', '09:30:00', '17:30:00', NULL, '', 99),
(714, 115, '2015-03-13', '09:30:00', '17:30:00', NULL, '', 99),
(715, 122, '2015-03-17', '09:00:00', '18:00:00', NULL, '', 99),
(716, 115, '2015-03-17', '09:30:00', '17:30:00', NULL, '', 99),
(717, 122, '2015-03-18', '09:00:00', '18:00:00', NULL, '', 99),
(718, 115, '2015-03-18', '09:30:00', '17:30:00', NULL, '', 99),
(719, 122, '2015-03-19', '09:00:00', '18:00:00', NULL, '', 99),
(720, 115, '2015-03-19', '09:30:00', '17:30:00', NULL, '', 99),
(721, 115, '2015-03-20', '09:30:00', '17:30:00', NULL, '', 2),
(722, 122, '2015-03-20', '09:00:00', '18:00:00', NULL, '', 99),
(723, 122, '2015-03-23', '09:00:00', '18:00:00', NULL, '', 99),
(724, 122, '2015-03-24', '09:00:00', '18:00:00', NULL, '', 99),
(725, 115, '2015-03-23', '09:30:00', '17:30:00', NULL, '', 99),
(726, 115, '2015-03-24', '09:30:00', '17:30:00', NULL, '', 99),
(727, 115, '2015-03-25', '09:30:00', '14:00:00', NULL, '', 99),
(728, 115, '2015-03-26', '09:30:00', '17:30:00', NULL, '', 2),
(729, 115, '2015-03-27', '09:30:00', '17:30:00', NULL, '', 2),
(730, 121, '2015-01-08', '08:00:00', '17:00:00', NULL, '', 99),
(731, 121, '2015-01-09', '07:00:00', '14:30:00', NULL, '', 99),
(732, 121, '2015-01-12', '09:00:00', '17:30:00', NULL, '', 99),
(733, 121, '2015-01-13', '08:00:00', '15:30:00', NULL, '', 99),
(734, 121, '2015-01-14', '08:30:00', '18:30:00', NULL, '', 99),
(735, 121, '2015-01-15', '08:00:00', '16:20:00', NULL, '', 99),
(736, 121, '2015-01-16', '07:00:00', '14:02:00', NULL, '', 99),
(737, 121, '2015-01-19', '08:30:00', '16:20:00', NULL, '', 99),
(738, 121, '2015-01-20', '09:20:00', '15:00:00', NULL, '', 99),
(739, 121, '2015-01-21', '07:00:00', '15:42:00', NULL, '', 99),
(740, 121, '2015-01-22', '00:00:00', '00:00:00', NULL, '', 3),
(741, 121, '2015-01-23', '00:00:00', '00:00:00', NULL, '', 3),
(742, 121, '2015-01-26', '07:30:00', '17:30:00', NULL, '', 99),
(743, 121, '2015-01-26', '08:00:00', '15:30:00', NULL, '', 99),
(744, 121, '2015-01-27', '08:00:00', '14:02:00', NULL, '', 99),
(745, 121, '2015-01-28', '07:32:00', '19:00:00', NULL, '', 99),
(746, 121, '2015-01-29', '08:00:00', '16:00:00', NULL, '', 99),
(747, 121, '2015-01-30', '08:00:00', '14:30:00', NULL, '', 99),
(748, 121, '2015-02-02', '08:00:00', '16:20:00', NULL, '', 99),
(749, 121, '2015-02-03', '09:20:00', '17:30:00', NULL, '', 99),
(750, 121, '2015-02-04', '08:30:00', '19:00:00', NULL, '', 99),
(751, 121, '2015-02-05', '07:32:00', '15:30:00', NULL, '', 99),
(752, 121, '2015-02-06', '07:00:00', '14:30:00', NULL, '', 99),
(753, 121, '2015-02-09', '08:00:00', '16:20:00', NULL, '', 99),
(754, 121, '2015-02-10', '00:00:00', '00:00:00', NULL, '', 1),
(755, 121, '2015-02-11', '08:30:00', '16:54:00', NULL, '', 99),
(756, 121, '2015-02-12', '07:30:00', '16:20:00', NULL, '', 99),
(757, 121, '2015-02-13', '07:32:00', '15:42:00', NULL, '', 99),
(758, 121, '2015-02-16', '09:20:00', '18:00:00', NULL, 'Worhshop', 99),
(759, 121, '2015-02-17', '09:20:00', '17:30:00', NULL, 'Workshop', 99),
(760, 121, '2015-02-18', '08:30:00', '14:30:00', NULL, '', 99),
(761, 121, '2015-02-19', '08:30:00', '17:00:00', NULL, '', 99),
(762, 121, '2015-02-20', '08:30:00', '15:57:00', NULL, '', 99),
(763, 121, '2015-02-23', '07:30:00', '15:42:00', NULL, 'Dienstreise', 99),
(764, 121, '2015-02-24', '07:30:00', '15:30:00', NULL, 'Dienstreise', 99),
(765, 121, '2015-02-24', '07:30:00', '15:42:00', NULL, 'Dienstreise', 99),
(766, 121, '2015-02-25', '07:30:00', '15:42:00', NULL, 'Dienstreise', 99),
(767, 121, '2015-02-26', '08:00:00', '16:12:00', NULL, '', 99),
(768, 121, '2015-02-27', '08:00:00', '14:20:00', NULL, '', 99),
(769, 121, '2015-03-03', '08:30:00', '16:20:00', NULL, '', 99),
(770, 121, '2015-03-04', '00:00:00', '00:00:00', NULL, '', 3),
(771, 121, '2015-03-05', '00:00:00', '00:00:00', NULL, '', 3),
(772, 121, '2015-03-06', '08:20:00', '12:00:00', NULL, '', 99),
(773, 121, '2015-03-09', '08:00:00', '15:30:00', NULL, '', 99),
(774, 121, '2015-03-10', '07:55:00', '17:04:00', NULL, '', 99),
(775, 121, '2015-03-11', '09:02:00', '17:04:00', NULL, '', 99),
(776, 121, '2015-03-12', '07:55:00', '15:44:00', NULL, '', 99),
(777, 121, '2015-03-13', '09:00:00', '14:45:00', NULL, '', 99),
(778, 121, '2015-03-16', '09:20:00', '17:30:00', NULL, '', 99),
(779, 121, '2015-03-17', '08:30:00', '15:00:00', NULL, '', 99),
(780, 121, '2015-03-18', '07:50:00', '16:30:00', NULL, '', 99),
(781, 121, '2015-03-19', '00:00:00', '00:00:00', NULL, '', 1),
(782, 121, '2015-03-20', '00:00:00', '00:00:00', NULL, '', 2),
(783, 121, '2015-03-23', '00:00:00', '00:00:00', NULL, '', 2),
(784, 121, '2015-03-24', '00:00:00', '00:00:00', NULL, '', 2),
(785, 121, '2015-03-25', '00:00:00', '00:00:00', NULL, '', 2),
(786, 121, '2015-03-26', '00:00:00', '00:00:00', NULL, '', 2),
(787, 121, '2015-03-27', '00:00:00', '00:00:00', NULL, '', 2),
(788, 115, '2015-03-30', '09:30:00', '17:30:00', NULL, '', 99),
(789, 115, '2015-03-31', '09:30:00', '17:30:00', NULL, '', 99),
(790, 119, '2015-01-01', '00:00:00', '00:00:00', NULL, '', 88),
(791, 119, '2015-01-02', '00:00:00', '00:00:00', NULL, '', 1),
(792, 119, '2015-01-05', '06:20:00', '15:30:00', NULL, '', 99),
(793, 119, '2015-01-06', '07:30:00', '17:25:00', NULL, '', 99),
(794, 119, '2015-01-07', '06:00:00', '15:15:00', NULL, '', 99),
(795, 119, '2015-01-08', '06:20:00', '15:00:00', NULL, '', 99),
(796, 119, '2015-01-09', '06:20:00', '15:00:00', NULL, '', 99),
(797, 119, '2015-01-12', '06:25:00', '15:35:00', NULL, '', 99),
(798, 119, '2015-01-13', '06:20:00', '14:30:00', NULL, '', 99),
(799, 119, '2015-01-14', '06:20:00', '14:25:00', NULL, '', 99),
(800, 119, '2015-01-15', '06:30:00', '15:15:00', NULL, '', 99),
(801, 119, '2015-01-16', '06:20:00', '13:15:00', NULL, '', 99),
(802, 119, '2015-01-19', '07:00:00', '16:50:00', NULL, '', 99),
(803, 119, '2015-01-20', '06:55:00', '12:05:00', NULL, '', 99),
(804, 119, '2015-01-21', '07:05:00', '16:20:00', NULL, '', 99),
(805, 119, '2015-01-22', '07:00:00', '14:00:00', NULL, '', 99),
(806, 119, '2015-01-23', '06:30:00', '12:30:00', NULL, '', 99),
(807, 119, '2015-01-26', '06:20:00', '16:30:00', NULL, '', 99),
(808, 119, '2015-01-27', '06:00:00', '13:10:00', NULL, '', 99),
(809, 119, '2015-01-28', '06:20:00', '15:45:00', NULL, '', 99),
(810, 119, '2015-01-29', '06:00:00', '16:30:00', NULL, '', 99),
(811, 119, '2015-01-30', '06:30:00', '15:30:00', NULL, '', 99),
(812, 119, '2015-02-02', '07:00:00', '16:20:00', NULL, '', 99),
(813, 119, '2015-02-03', '06:25:00', '13:00:00', NULL, '', 99),
(814, 119, '2015-02-04', '07:00:00', '15:00:00', NULL, '', 99),
(815, 119, '2015-02-05', '07:00:00', '15:00:00', NULL, '', 99),
(816, 119, '2015-02-06', '07:05:00', '14:20:00', NULL, '', 99),
(817, 119, '2015-02-09', '06:20:00', '14:35:00', NULL, '', 99),
(818, 119, '2015-02-10', '06:00:00', '14:00:00', NULL, '', 99),
(819, 119, '2015-02-11', '06:00:00', '14:20:00', NULL, '', 99),
(820, 119, '2015-02-12', '06:30:00', '16:45:00', NULL, '', 99),
(821, 119, '2015-02-13', '06:15:00', '14:50:00', NULL, '', 99),
(822, 119, '2015-02-16', '06:50:00', '16:40:00', NULL, '', 99),
(823, 119, '2015-02-17', '06:30:00', '16:00:00', NULL, '', 99),
(824, 119, '2015-02-18', '06:30:00', '15:20:00', NULL, '', 99),
(825, 119, '2015-02-19', '06:10:00', '14:30:00', NULL, '', 99),
(826, 119, '2015-02-20', '06:30:00', '12:30:00', NULL, '', 99),
(827, 119, '2015-02-23', '06:00:00', '17:20:00', NULL, '', 99),
(828, 119, '2015-02-24', '05:50:00', '13:00:00', NULL, '', 99);
INSERT INTO `erfassung` (`eid`, `maid`, `datum`, `beginn`, `ende`, `maneintrag`, `bemerkung`, `aid`) VALUES
(829, 119, '2015-02-25', '06:00:00', '16:00:00', NULL, '', 99),
(830, 119, '2015-02-26', '06:00:00', '16:30:00', NULL, '', 99),
(831, 119, '2015-02-27', '09:00:00', '15:00:00', NULL, '', 99),
(832, 119, '2015-03-02', '06:00:00', '16:15:00', NULL, '', 99),
(833, 119, '2015-03-03', '05:50:00', '12:45:00', NULL, '', 99),
(834, 119, '2015-03-04', '06:15:00', '16:15:00', NULL, '', 99),
(835, 119, '2015-03-05', '05:55:00', '13:00:00', NULL, '', 99),
(836, 119, '2015-03-06', '09:00:00', '15:20:00', NULL, '', 99),
(837, 119, '2015-03-09', '00:00:00', '00:00:00', NULL, '', 3),
(838, 119, '2015-03-10', '06:10:00', '11:45:00', NULL, '', 99),
(839, 119, '2015-03-11', '06:00:00', '14:50:00', NULL, '', 99),
(840, 119, '2015-03-12', '05:50:00', '15:20:00', NULL, '', 99),
(841, 119, '2015-03-13', '09:00:00', '14:45:00', NULL, '', 99),
(842, 119, '2015-03-16', '07:00:00', '13:00:00', NULL, '', 99),
(843, 119, '2015-03-17', '07:00:00', '11:30:00', NULL, '', 99),
(844, 120, '2015-01-04', '00:00:00', '00:00:00', NULL, '', 88),
(845, 120, '2015-01-05', '08:13:00', '16:50:00', NULL, '', 99),
(846, 120, '2015-01-06', '07:00:00', '16:00:00', NULL, '', 99),
(847, 120, '2015-01-07', '08:15:00', '15:00:00', NULL, '', 99),
(848, 120, '2015-01-08', '08:00:00', '16:00:00', NULL, '', 99),
(849, 120, '2015-01-09', '08:00:00', '16:00:00', NULL, '', 99),
(850, 120, '2015-02-16', '09:00:00', '16:00:00', NULL, 'Schulung', 99),
(851, 120, '2015-02-17', '09:00:00', '16:00:00', NULL, 'Schulung', 99),
(852, 120, '2015-02-18', '09:00:00', '16:00:00', NULL, 'Schulung', 99),
(853, 120, '2015-01-12', '08:00:00', '16:45:00', NULL, '', 99),
(854, 120, '2015-01-02', '00:00:00', '00:00:00', NULL, '', 2),
(855, 120, '2015-02-02', '00:00:00', '00:00:00', NULL, '', 2),
(856, 120, '2015-02-03', '00:00:00', '00:00:00', NULL, '', 2),
(857, 120, '2015-02-04', '00:00:00', '00:00:00', NULL, '', 2),
(858, 120, '2015-02-05', '00:00:00', '00:00:00', NULL, '', 2),
(859, 120, '2015-02-06', '00:00:00', '00:00:00', NULL, '', 2),
(860, 120, '2015-02-24', '00:00:00', '00:00:00', NULL, 'geschenkter Urlaubstag aufgr. von Geburtstag', 2),
(861, 120, '2015-01-13', '08:15:00', '16:45:00', NULL, '', 99),
(862, 120, '2015-01-14', '07:50:00', '16:00:00', NULL, '', 99),
(863, 120, '2015-01-15', '07:35:00', '16:15:00', NULL, '', 99),
(864, 120, '2015-01-16', '08:00:00', '16:30:00', NULL, '', 99),
(865, 120, '2015-01-19', '07:36:00', '16:45:00', NULL, '', 99),
(866, 120, '2015-01-20', '07:00:00', '16:00:00', NULL, '', 99),
(867, 120, '2015-01-21', '08:00:00', '16:00:00', NULL, '', 99),
(868, 120, '2015-01-22', '08:00:00', '15:30:00', NULL, '', 99),
(869, 120, '2015-01-23', '08:00:00', '16:00:00', NULL, '', 99),
(870, 120, '2015-01-26', '08:00:00', '16:30:00', NULL, '', 99),
(871, 120, '2015-01-27', '07:00:00', '15:30:00', NULL, '', 99),
(872, 120, '2015-01-28', '07:00:00', '15:30:00', NULL, '', 99),
(873, 120, '2015-01-29', '08:00:00', '16:00:00', NULL, '', 99),
(874, 120, '2015-01-30', '08:15:00', '16:40:00', NULL, '', 99),
(875, 120, '2015-02-09', '08:00:00', '16:30:00', NULL, '', 99),
(876, 120, '2015-02-10', '08:00:00', '16:00:00', NULL, '', 99),
(877, 120, '2015-02-11', '08:00:00', '16:00:00', NULL, '', 99),
(878, 120, '2015-02-12', '08:00:00', '16:00:00', NULL, '', 99),
(879, 120, '2015-02-13', '08:00:00', '16:30:00', NULL, '', 99),
(880, 120, '2015-02-19', '07:35:00', '16:00:00', NULL, '', 99),
(881, 120, '2015-02-20', '08:00:00', '15:30:00', NULL, '', 99),
(882, 120, '2015-02-23', '08:00:00', '16:30:00', NULL, '', 99),
(883, 120, '2015-02-25', '08:00:00', '16:30:00', NULL, '', 99),
(884, 120, '2015-02-26', '08:00:00', '16:00:00', NULL, '', 99),
(885, 120, '2015-02-27', '08:00:00', '16:00:00', NULL, '', 99),
(886, 120, '2015-03-30', '00:00:00', '00:00:00', NULL, '', 2),
(887, 120, '2015-03-31', '00:00:00', '00:00:00', NULL, '', 2),
(888, 120, '2015-03-27', '08:00:00', '16:00:00', NULL, '', 99),
(889, 120, '2015-03-18', '10:00:00', '21:00:00', NULL, 'Hospitation IT-Stelle', 99),
(890, 120, '2015-03-26', '08:00:00', '16:00:00', NULL, '', 99),
(891, 120, '2015-03-25', '08:00:00', '16:00:00', NULL, '', 99),
(892, 120, '2015-03-24', '08:00:00', '16:00:00', NULL, '', 99),
(893, 120, '2015-03-23', '08:00:00', '16:00:00', NULL, '', 99),
(894, 120, '2015-03-20', '08:00:00', '16:00:00', NULL, '', 99),
(895, 120, '2015-03-19', '08:00:00', '16:00:00', NULL, '', 99),
(896, 120, '2015-03-17', '08:00:00', '16:30:00', NULL, '', 99),
(897, 120, '2015-03-16', '08:00:00', '16:45:00', NULL, '', 99),
(898, 120, '2015-03-13', '08:00:00', '17:00:00', NULL, '', 99),
(899, 120, '2015-03-12', '08:00:00', '16:30:00', NULL, '', 99),
(900, 120, '2015-03-11', '08:00:00', '16:30:00', NULL, '', 99),
(901, 120, '2015-03-10', '08:00:00', '16:00:00', NULL, '', 99),
(902, 120, '2015-03-09', '08:00:00', '16:45:00', NULL, '', 99),
(903, 120, '2015-03-06', '08:00:00', '17:00:00', NULL, '', 99),
(904, 120, '2015-03-05', '08:15:00', '17:00:00', NULL, '', 99),
(905, 120, '2015-03-04', '08:00:00', '16:45:00', NULL, '', 99),
(906, 120, '2015-03-03', '07:50:00', '15:45:00', NULL, '', 99),
(907, 120, '2015-03-02', '08:00:00', '16:45:00', NULL, '', 99),
(908, 124, '2015-01-01', '00:00:00', '00:00:00', NULL, '', 88),
(909, 124, '2015-04-01', '08:45:00', '16:00:00', NULL, '', 99),
(910, 124, '2015-04-02', '08:30:00', '17:00:00', NULL, '', 99),
(911, 124, '2015-04-03', '00:00:00', '00:00:00', NULL, '', 88),
(912, 124, '2015-04-07', '09:00:00', '18:30:00', NULL, '', 99),
(913, 124, '2015-04-08', '08:00:00', '16:40:00', NULL, '', 99),
(914, 124, '2015-04-09', '08:45:00', '14:00:00', NULL, '', 99),
(915, 121, '2015-03-30', '08:00:00', '15:00:00', NULL, '', 99),
(916, 121, '2015-03-31', '07:42:00', '15:00:00', NULL, '', 99),
(917, 117, '2015-02-24', '07:15:00', '15:40:00', NULL, '', 99),
(918, 117, '2015-02-25', '07:15:00', '15:40:00', NULL, '', 99),
(919, 117, '2015-02-26', '07:15:00', '15:35:00', NULL, '', 99),
(920, 117, '2015-02-27', '07:15:00', '15:40:00', NULL, '', 99),
(921, 117, '2015-03-02', '07:15:00', '15:40:00', NULL, '', 99),
(922, 117, '2015-03-03', '07:15:00', '15:45:00', NULL, '', 99),
(923, 117, '2015-03-04', '07:15:00', '15:40:00', NULL, '', 99),
(924, 117, '2015-03-05', '07:15:00', '15:45:00', NULL, '', 99),
(925, 117, '2015-03-06', '07:15:00', '15:40:00', NULL, '', 99),
(926, 117, '2015-03-09', '07:15:00', '15:40:00', NULL, '', 99),
(927, 117, '2015-03-10', '07:15:00', '15:40:00', NULL, '', 99),
(928, 117, '2015-03-10', '07:15:00', '15:45:00', NULL, '', 99),
(929, 117, '2015-03-11', '07:15:00', '15:45:00', NULL, '', 99),
(930, 117, '2015-03-12', '07:15:00', '15:45:00', NULL, '', 99),
(931, 117, '2015-03-13', '07:15:00', '14:45:00', NULL, '', 99),
(932, 117, '2015-03-16', '07:15:00', '15:45:00', NULL, '', 99),
(933, 117, '2015-03-17', '07:15:00', '15:40:00', NULL, '', 99),
(934, 117, '2015-03-18', '07:15:00', '15:40:00', NULL, '', 99),
(935, 117, '2015-03-19', '07:15:00', '14:45:00', NULL, '', 99),
(936, 117, '2015-03-20', '07:15:00', '15:40:00', NULL, '', 99),
(937, 117, '2015-03-23', '07:50:00', '15:40:00', NULL, '', 99),
(938, 117, '2015-03-24', '07:15:00', '15:40:00', NULL, '', 99),
(939, 117, '2015-03-25', '07:00:00', '14:40:00', NULL, '', 99),
(940, 117, '2015-03-26', '07:15:00', '15:40:00', NULL, '', 99),
(941, 117, '2015-03-27', '07:15:00', '14:45:00', NULL, '', 99),
(942, 117, '2015-03-30', '07:15:00', '15:40:00', NULL, '', 99),
(943, 117, '2015-03-31', '00:00:00', '00:00:00', NULL, '', 1),
(944, 121, '2015-04-04', '00:00:00', '00:00:00', NULL, '', 88),
(945, 118, '2015-01-27', '07:50:00', '15:38:00', NULL, '', 99),
(946, 118, '2015-01-28', '08:21:00', '17:00:00', NULL, '', 99),
(947, 118, '2015-01-29', '08:16:00', '16:17:00', NULL, '', 99),
(948, 118, '2015-01-30', '07:03:00', '16:15:00', NULL, '', 99),
(949, 118, '2015-02-02', '00:00:00', '00:00:00', NULL, '', 2),
(950, 118, '2015-02-03', '00:00:00', '00:00:00', NULL, '', 2),
(951, 118, '2015-02-04', '00:00:00', '00:00:00', NULL, '', 2),
(952, 118, '2015-02-05', '00:00:00', '00:00:00', NULL, '', 2),
(953, 118, '2015-02-06', '00:00:00', '00:00:00', NULL, '', 2),
(954, 118, '2015-02-09', '00:00:00', '00:00:00', NULL, '', 1),
(955, 118, '2015-02-10', '07:18:00', '15:35:00', NULL, '', 99),
(956, 118, '2015-02-11', '06:54:00', '17:36:00', NULL, '', 99),
(957, 118, '2015-02-11', '06:54:00', '17:36:00', NULL, '', 99),
(958, 118, '2015-02-12', '08:35:00', '16:29:00', NULL, '', 99),
(959, 118, '2015-02-13', '08:16:00', '14:55:00', NULL, '', 99),
(960, 118, '2015-02-16', '07:13:00', '16:00:00', NULL, '', 99),
(961, 118, '2015-02-17', '08:27:00', '17:36:00', NULL, '', 99),
(962, 118, '2015-02-18', '07:28:00', '16:00:00', NULL, '', 99),
(963, 118, '2015-02-19', '07:07:00', '16:19:00', NULL, '', 99),
(964, 118, '2015-02-20', '08:01:00', '17:09:00', NULL, '', 99),
(965, 118, '2015-02-23', '08:05:00', '16:37:00', NULL, '', 99),
(966, 118, '2015-02-24', '07:08:00', '16:14:00', NULL, '', 99),
(967, 118, '2015-02-25', '08:12:00', '15:21:00', NULL, '', 99),
(968, 118, '2015-02-26', '08:20:00', '16:32:00', NULL, '', 99),
(969, 118, '2015-02-27', '08:02:00', '14:04:00', NULL, '', 99),
(970, 118, '2015-03-02', '08:54:00', '16:10:00', NULL, '', 99),
(971, 118, '2015-03-03', '07:06:00', '17:07:00', NULL, '', 99),
(972, 118, '2015-03-04', '07:26:00', '17:01:00', NULL, '', 99),
(973, 118, '2015-03-05', '07:36:00', '16:17:00', NULL, '', 99),
(974, 118, '2015-03-06', '08:00:00', '15:45:00', NULL, '', 99),
(975, 118, '2015-03-09', '00:00:00', '00:00:00', NULL, '', 3),
(976, 118, '2015-03-10', '00:00:00', '00:00:00', NULL, '', 3),
(977, 118, '2015-03-11', '00:00:00', '00:00:00', NULL, '', 3),
(978, 118, '2015-03-12', '00:00:00', '00:00:00', NULL, '', 3),
(979, 118, '2015-03-13', '00:00:00', '00:00:00', NULL, '', 3),
(980, 118, '2015-03-16', '08:12:00', '16:29:00', NULL, '', 99),
(981, 118, '2015-03-17', '08:12:00', '17:15:00', NULL, '', 99),
(982, 118, '2015-03-18', '07:32:00', '15:52:00', NULL, '', 99),
(983, 118, '2015-03-19', '08:26:00', '16:07:00', NULL, '', 99),
(984, 118, '2015-03-20', '08:17:00', '16:06:00', NULL, '', 99),
(985, 118, '2015-03-23', '07:07:00', '15:58:00', NULL, '', 99),
(986, 118, '2015-03-24', '00:00:00', '00:00:00', NULL, '', 2),
(987, 118, '2015-03-25', '00:00:00', '00:00:00', NULL, '', 2),
(988, 118, '2015-03-26', '00:00:00', '00:00:00', NULL, '', 2),
(989, 118, '2015-03-27', '00:00:00', '00:00:00', NULL, '', 2),
(990, 118, '2015-03-30', '07:28:00', '16:02:00', NULL, '', 99),
(991, 118, '2015-03-31', '08:40:00', '18:05:00', NULL, '', 99),
(992, 118, '2015-04-01', '08:23:00', '15:42:00', NULL, '', 99),
(993, 118, '2015-04-02', '08:24:00', '16:17:00', NULL, '', 99),
(994, 118, '2015-04-07', '08:00:00', '16:00:00', NULL, '', 99),
(995, 118, '2015-04-08', '07:52:00', '16:06:00', NULL, '', 99),
(996, 118, '2015-04-09', '11:00:00', '19:00:00', NULL, '', 99),
(997, 118, '2015-04-10', '08:17:00', '16:46:00', NULL, '', 99),
(998, 116, '2015-04-01', '08:00:00', '15:30:00', NULL, '', 99),
(999, 116, '2015-04-02', '07:50:00', '16:30:00', NULL, '', 99),
(1000, 116, '2015-04-03', '08:00:00', '15:30:00', NULL, '', 99),
(1001, 116, '2015-04-07', '07:30:00', '16:00:00', NULL, '', 99),
(1002, 116, '2015-04-08', '07:50:00', '16:00:00', NULL, '', 99),
(1003, 116, '2015-04-09', '07:50:00', '16:30:00', NULL, '', 99),
(1004, 116, '2015-04-10', '07:30:00', '16:00:00', NULL, '', 99),
(1005, 116, '2015-04-13', '08:00:00', '16:30:00', NULL, '', 99),
(1006, 116, '2015-04-14', '08:00:00', '17:00:00', NULL, '', 99),
(1007, 116, '2015-04-15', '07:30:00', '16:00:00', NULL, '', 99),
(1008, 116, '2015-04-15', '07:50:00', '16:30:00', NULL, '', 99),
(1009, 116, '2015-04-15', '07:50:00', '16:00:00', NULL, '', 99),
(1010, 116, '2015-04-16', '08:00:00', '17:00:00', NULL, '', 99),
(1011, 116, '2015-04-17', '07:30:00', '17:00:00', NULL, '', 99),
(1012, 122, '2015-04-01', '06:30:00', '12:30:00', NULL, '', 99),
(1013, 122, '2015-04-02', '06:30:00', '12:30:00', NULL, '', 99),
(1014, 121, '2015-04-01', '07:30:00', '16:00:00', NULL, '', 99),
(1015, 121, '2015-04-02', '00:00:00', '00:00:00', NULL, '', 3),
(1016, 121, '2015-04-02', '07:00:00', '15:00:00', NULL, '', 3),
(1017, 121, '2015-04-03', '00:00:00', '00:00:00', NULL, '', 1),
(1018, 121, '2015-04-06', '00:00:00', '00:00:00', NULL, '', 2),
(1019, 121, '2015-04-07', '06:00:00', '14:00:00', NULL, '', 99),
(1020, 121, '2015-04-08', '00:00:00', '00:00:14', NULL, '', 99),
(1021, 118, '2015-04-03', '07:00:00', '14:00:00', NULL, '', 99),
(1022, 118, '2015-04-04', '07:00:00', '14:00:00', NULL, '', 99);

-- --------------------------------------------------------

--
-- Tabellenstruktur für Tabelle `feiertage`
--

CREATE TABLE IF NOT EXISTS `feiertage` (
`fid` int(11) NOT NULL,
  `datum` date NOT NULL,
  `bezeichnung` text NOT NULL
) ENGINE=MyISAM  DEFAULT CHARSET=utf8 AUTO_INCREMENT=19 ;

--
-- Daten für Tabelle `feiertage`
--

INSERT INTO `feiertage` (`fid`, `datum`, `bezeichnung`) VALUES
(1, '2014-05-01', 'Tag der Arbeit'),
(2, '2014-05-29', 'Christi Himmelfahrt'),
(3, '2014-01-01', 'Neujahr'),
(4, '2014-04-18', 'Karfreitag'),
(5, '2014-04-21', 'Ostermontag'),
(6, '2014-06-09', 'Pfingstmontag'),
(7, '2014-10-03', 'Tag der deutschen Einheit'),
(8, '2014-12-25', '1. Weihnachtsfeiertag'),
(9, '2014-12-26', '2. Weihnachtsfeiertag'),
(10, '2015-05-01', 'Tag der Arbeit'),
(11, '2015-05-14', 'Christi Himmelfahrt'),
(12, '2015-01-01', 'Neujahr'),
(13, '2015-04-03', 'Karfreitag'),
(14, '2015-04-06', 'Ostermontag'),
(15, '2015-05-25', 'Pfingstmontag'),
(16, '2015-10-03', 'Tag der deutschen Einheit'),
(17, '2015-12-25', '1. Weihnachtsfeiertag'),
(18, '2015-12-26', '2. Weihnachtsfeiertag');

-- --------------------------------------------------------

--
-- Tabellenstruktur für Tabelle `mitarbeiter`
--

CREATE TABLE IF NOT EXISTS `mitarbeiter` (
`maid` int(11) NOT NULL COMMENT 'Mitarbeiter ID',
  `vname` char(30) NOT NULL,
  `nname` char(50) NOT NULL,
  `stez` char(10) DEFAULT NULL COMMENT 'stellenzeichen des Mitarbeiters',
  `sollstd` double DEFAULT NULL,
  `bid` int(11) DEFAULT NULL COMMENT 'Behoerden ID',
  `sid` int(11) DEFAULT NULL COMMENT 'Status ID',
  `usern` varchar(20) NOT NULL,
  `passwort` varchar(32) DEFAULT NULL,
  `rechte` int(11) NOT NULL,
  `urlbtage` int(3) DEFAULT '30'
) ENGINE=MyISAM  DEFAULT CHARSET=utf8 COMMENT='Nutzerdaten und Einstellungen zu Nutzern' AUTO_INCREMENT=125 ;

--
-- Daten für Tabelle `mitarbeiter`
--

INSERT INTO `mitarbeiter` (`maid`, `vname`, `nname`, `stez`, `sollstd`, `bid`, `sid`, `usern`, `passwort`, `rechte`, `urlbtage`) VALUES
(2, 'Hans', 'Honka', 'IA25', 40, 1, 1, 'Honki', '', 0, 30),
(3, 'Karl', 'Käfer', 'IVA2', 39, 1, 1, 'Kaeferkarl', NULL, 0, 30),
(112, 'Sheldon', 'Cooper', 'IA25', 40, 1, 1, 'Shelly', '81dc9bdb52d04dc20036dbd8313ed055', 1, 30),
(113, 'Maxi', 'Muster', 'P0815', 40, 1, 1, 'maxim', '81dc9bdb52d04dc20036dbd8313ed055', 1, 30),
(114, 'Volker', 'Berliner', 'IA25', 40, 1, 2, 'Berliner', 'e10adc3949ba59abbe56e057f20f883e', 0, 30),
(115, 'Steffen', 'Burlefinger', 'IA25', 40, 2, 2, 'Burlefinger', 'e10adc3949ba59abbe56e057f20f883e', 0, 30),
(116, 'Aurela', 'Conrad', 'IA25', 40, 3, 2, 'Conrad', 'e10adc3949ba59abbe56e057f20f883e', 0, 30),
(117, 'Paul', 'Hentschke', 'IA25', 40, 5, 2, 'Hentschke', 'e10adc3949ba59abbe56e057f20f883e', 0, 30),
(118, 'Holger', 'Keye', 'IA25', 40, 8, 2, 'Keye', 'e10adc3949ba59abbe56e057f20f883e', 0, 30),
(119, 'Philipp', 'Kownatka', 'IA25', 40, 9, 2, 'Kownatka', 'e10adc3949ba59abbe56e057f20f883e', 0, 30),
(120, 'Cheryl', 'Krohne', 'IA25', 40, 14, 2, 'Krohne', 'e10adc3949ba59abbe56e057f20f883e', 0, 30),
(121, 'Stephanie', 'Rehfeld', 'IA25', 40, 19, 2, 'Rehfeld', 'e10adc3949ba59abbe56e057f20f883e', 0, 30),
(122, 'Tamara', 'Rosenetzky', 'IA25', 40, 7, 2, 'Rosenetzky', 'e10adc3949ba59abbe56e057f20f883e', 0, 30),
(123, 'Ralf', 'Simmroß', 'IA25', 40, 15, 2, 'Simmroß', 'e10adc3949ba59abbe56e057f20f883e', 0, 30),
(124, 'Tino', 'Eilenberger', 'IA25', 40, 5, 2, 'Eilenberger', 'e10adc3949ba59abbe56e057f20f883e', 0, 30);

-- --------------------------------------------------------

--
-- Tabellenstruktur für Tabelle `status`
--

CREATE TABLE IF NOT EXISTS `status` (
`sid` int(11) NOT NULL,
  `bezeichnung` varchar(30) DEFAULT NULL
) ENGINE=MyISAM  DEFAULT CHARSET=utf8 AUTO_INCREMENT=4 ;

--
-- Daten für Tabelle `status`
--

INSERT INTO `status` (`sid`, `bezeichnung`) VALUES
(1, 'Beamter'),
(2, 'Angestellter'),
(3, 'Azubi');

--
-- Indexes for dumped tables
--

--
-- Indexes for table `arbeitsfrei`
--
ALTER TABLE `arbeitsfrei`
 ADD PRIMARY KEY (`aid`);

--
-- Indexes for table `behoerde`
--
ALTER TABLE `behoerde`
 ADD PRIMARY KEY (`bid`);

--
-- Indexes for table `erfassung`
--
ALTER TABLE `erfassung`
 ADD PRIMARY KEY (`eid`), ADD KEY `maid` (`maid`), ADD KEY `aid` (`aid`);

--
-- Indexes for table `feiertage`
--
ALTER TABLE `feiertage`
 ADD PRIMARY KEY (`fid`);

--
-- Indexes for table `mitarbeiter`
--
ALTER TABLE `mitarbeiter`
 ADD PRIMARY KEY (`maid`), ADD KEY `sid` (`sid`), ADD KEY `bid` (`bid`);

--
-- Indexes for table `status`
--
ALTER TABLE `status`
 ADD PRIMARY KEY (`sid`);

--
-- AUTO_INCREMENT for dumped tables
--

--
-- AUTO_INCREMENT for table `arbeitsfrei`
--
ALTER TABLE `arbeitsfrei`
MODIFY `aid` int(20) NOT NULL AUTO_INCREMENT,AUTO_INCREMENT=100;
--
-- AUTO_INCREMENT for table `behoerde`
--
ALTER TABLE `behoerde`
MODIFY `bid` int(11) NOT NULL AUTO_INCREMENT COMMENT 'Behoerden ID',AUTO_INCREMENT=24;
--
-- AUTO_INCREMENT for table `erfassung`
--
ALTER TABLE `erfassung`
MODIFY `eid` int(11) NOT NULL AUTO_INCREMENT COMMENT 'Erfassungs ID',AUTO_INCREMENT=1023;
--
-- AUTO_INCREMENT for table `feiertage`
--
ALTER TABLE `feiertage`
MODIFY `fid` int(11) NOT NULL AUTO_INCREMENT,AUTO_INCREMENT=19;
--
-- AUTO_INCREMENT for table `mitarbeiter`
--
ALTER TABLE `mitarbeiter`
MODIFY `maid` int(11) NOT NULL AUTO_INCREMENT COMMENT 'Mitarbeiter ID',AUTO_INCREMENT=125;
--
-- AUTO_INCREMENT for table `status`
--
ALTER TABLE `status`
MODIFY `sid` int(11) NOT NULL AUTO_INCREMENT,AUTO_INCREMENT=4;
/*!40101 SET CHARACTER_SET_CLIENT=@OLD_CHARACTER_SET_CLIENT */;
/*!40101 SET CHARACTER_SET_RESULTS=@OLD_CHARACTER_SET_RESULTS */;
/*!40101 SET COLLATION_CONNECTION=@OLD_COLLATION_CONNECTION */;
